team_rank,player_name,age,gp,gs,min,fgm,fga,fg_percent,three_point_made,three_point_attempt,three_point_percent,two_point_made,two_point_attempt,two_point_percent,efg,ftm,fta,ft_percent,orb,drb,trb,ast,stl,blk,turnovers,fouls,points,Team_Id,TEAM_ID
1,Trae Young,22,63,63,33.7,7.7,17.7,0.438,2.2,6.3,0.343,5.6,11.3,0.491,0.499,7.7,8.7,0.886,0.6,3.3,3.9,9.4,0.8,0.2,4.1,1.8,25.3,Atlanta Hawks,1610612737
2,Kevin Huerter,22,69,49,30.8,4.6,10.6,0.432,2,5.6,0.363,2.6,5,0.51,0.528,0.7,0.9,0.781,0.6,2.8,3.3,3.5,1.2,0.3,1.1,2.4,11.9,Atlanta Hawks,1610612737
3,Clint Capela,26,63,63,30.1,6.6,11,0.594,0,0,,6.6,11,0.594,0.594,2.1,3.6,0.573,4.7,9.6,14.3,0.8,0.7,2,1.2,2.3,15.2,Atlanta Hawks,1610612737
4,Bogdan Bogdanovic,28,44,27,29.7,6.1,12.8,0.473,3.3,7.6,0.438,2.8,5.3,0.522,0.602,0.9,1,0.909,0.5,3.2,3.6,3.3,1.1,0.3,1.2,2.3,16.4,Atlanta Hawks,1610612737
5,De'Andre Hunter,23,23,19,29.5,5.2,10.8,0.484,1.3,4.1,0.326,3.9,6.7,0.582,0.546,3.2,3.7,0.859,0.7,4,4.8,1.9,0.8,0.5,1.3,2.6,15,Atlanta Hawks,1610612737
6,John Collins,23,63,63,29.3,6.8,12.2,0.556,1.3,3.3,0.399,5.5,8.9,0.615,0.61,2.7,3.2,0.833,1.9,5.5,7.4,1.2,0.5,1,1.3,3.1,17.6,Atlanta Hawks,1610612737
7,Cam Reddish,21,26,21,28.8,3.7,10.1,0.365,1.3,4.8,0.262,2.4,5.3,0.46,0.428,2.6,3.2,0.817,0.8,3.2,4,1.3,1.3,0.3,1.3,2.6,11.2,Atlanta Hawks,1610612737
8,Danilo Gallinari,32,51,4,24,4,9.3,0.434,2,5,0.406,2,4.3,0.466,0.542,3.2,3.4,0.925,0.3,3.8,4.1,1.5,0.6,0.2,0.8,2.1,13.3,Atlanta Hawks,1610612737
9,Solomon Hill,29,71,16,21.3,1.5,4.2,0.359,1,3,0.321,0.5,1.2,0.453,0.473,0.5,0.6,0.761,0.6,2.4,3,1.1,0.7,0.2,0.6,1.6,4.5,Atlanta Hawks,1610612737
10,Tony Snell,29,47,23,21.1,1.9,3.6,0.515,1.3,2.3,0.569,0.6,1.3,0.419,0.696,0.2,0.2,1,0.4,2,2.4,1.3,0.3,0.2,0.4,1.6,5.3,Atlanta Hawks,1610612737
11,Lou Williams,34,24,1,21,3.5,9,0.389,1,2.3,0.444,2.5,6.8,0.37,0.444,2,2.3,0.87,0.3,1.8,2.1,3.4,0.3,0.1,1.8,0.8,10,Atlanta Hawks,1610612737
12,Rajon Rondo,34,27,2,14.9,1.6,4.1,0.4,0.6,1.7,0.378,1,2.4,0.415,0.477,0,0.1,0.5,0.1,1.9,2,3.5,0.7,0.1,1.4,0.9,3.9,Atlanta Hawks,1610612737
1,James Harden,31,36,35,36.6,7.8,16.6,0.471,2.7,7.3,0.366,5.2,9.4,0.552,0.551,6.3,7.3,0.856,0.8,7.7,8.5,10.9,1.3,0.8,4,2.4,24.6,Brooklyn Nets,1610612751
2,Kyrie Irving,28,54,54,34.9,10.2,20.1,0.506,2.8,7,0.402,7.4,13.1,0.561,0.576,3.7,4,0.922,1,3.8,4.8,6,1.4,0.7,2.4,2.6,26.9,Brooklyn Nets,1610612751
3,Kevin Durant,32,35,32,33.1,9.3,17.2,0.537,2.4,5.4,0.45,6.8,11.8,0.577,0.608,6,6.8,0.882,0.4,6.7,7.1,5.6,0.7,1.3,3.4,2,26.9,Brooklyn Nets,1610612751
4,Joe Harris,29,69,65,31,5.2,10.2,0.505,3.1,6.4,0.475,2.1,3.8,0.555,0.654,0.7,0.9,0.778,0.6,3,3.6,1.9,0.7,0.2,0.9,2,14.1,Brooklyn Nets,1610612751
5,Caris LeVert,26,12,4,27.8,7.3,16.7,0.435,1.8,5.3,0.349,5.4,11.4,0.474,0.49,2.2,2.8,0.765,0.8,3.5,4.3,6,1.1,0.5,2.2,1.7,18.5,Brooklyn Nets,1610612751
6,Jeff Green,34,68,38,27,3.8,7.8,0.492,1.5,3.7,0.412,2.3,4.1,0.564,0.59,1.8,2.4,0.776,0.5,3.4,3.9,1.6,0.5,0.4,0.8,1.8,11,Brooklyn Nets,1610612751
7,Jarrett Allen,22,12,5,26.7,3.7,5.4,0.677,0,0,,3.7,5.4,0.677,0.677,3.8,5.1,0.754,3.2,7.3,10.4,1.7,0.6,1.6,1.8,1.8,11.2,Brooklyn Nets,1610612751
8,LaMarcus Aldridge,35,5,5,26,5,9.6,0.521,0.8,1,0.8,4.2,8.6,0.488,0.563,2,2,1,0.4,4.4,4.8,2.6,0.6,2.2,1.4,2.2,12.8,Brooklyn Nets,1610612751
9,Landry Shamet,23,61,12,23,3,7.5,0.408,2.1,5.5,0.387,0.9,2,0.463,0.549,1.1,1.3,0.846,0.2,1.7,1.8,1.6,0.5,0.2,0.8,1.5,9.3,Brooklyn Nets,1610612751
10,Bruce Brown,24,65,37,22.3,3.6,6.5,0.556,0.3,0.9,0.288,3.4,5.6,0.599,0.576,1.3,1.8,0.735,1.7,3.7,5.4,1.6,0.9,0.4,0.8,2.2,8.8,Brooklyn Nets,1610612751
11,DeAndre Jordan,32,57,43,21.9,3.3,4.4,0.763,0,0,0,3.3,4.4,0.766,0.763,0.8,1.6,0.5,2.1,5.4,7.5,1.6,0.3,1.1,1.5,2,7.5,Brooklyn Nets,1610612751
12,Blake Griffin,31,26,10,21.5,3.6,7.3,0.492,1.2,3.1,0.383,2.4,4.2,0.574,0.574,1.7,2.1,0.782,1.1,3.6,4.7,2.4,0.7,0.5,1.2,2.7,10,Brooklyn Nets,1610612751
1,Jayson Tatum,22,64,64,35.8,9.5,20.6,0.459,2.9,7.6,0.386,6.5,13,0.502,0.53,4.6,5.3,0.868,0.8,6.6,7.4,4.3,1.2,0.5,2.7,1.9,26.4,Boston Celtics,1610612738
2,Jaylen Brown,24,58,58,34.5,9.3,19.2,0.484,2.8,7.1,0.397,6.5,12.1,0.536,0.558,3.3,4.3,0.764,1.2,4.8,6,3.4,1.2,0.6,2.7,2.9,24.7,Boston Celtics,1610612738
3,Marcus Smart,26,48,45,32.9,4.2,10.6,0.398,1.9,5.9,0.33,2.3,4.8,0.482,0.489,2.7,3.4,0.79,0.8,2.7,3.5,5.7,1.5,0.5,2,2.6,13.1,Boston Celtics,1610612738
4,Kemba Walker,30,43,43,31.8,6.6,15.7,0.42,3,8.2,0.36,3.7,7.5,0.486,0.514,3.1,3.5,0.899,0.4,3.6,4,4.9,1.1,0.3,2,1.4,19.3,Boston Celtics,1610612738
5,Evan Fournier,28,16,10,29.5,4.8,10.8,0.448,2.8,5.9,0.463,2.1,4.8,0.429,0.576,0.6,0.9,0.714,0.3,3,3.3,3.1,1.3,0.6,1.2,2.6,13,Boston Celtics,1610612738
6,Daniel Theis,28,42,37,24.5,3.8,6.9,0.552,0.8,2.3,0.347,3,4.6,0.653,0.609,1.1,1.6,0.687,1.3,4,5.2,1.6,0.6,1,1,2.9,9.5,Boston Celtics,1610612738
7,Tristan Thompson,29,54,43,23.8,3.1,6,0.518,0,0.1,0,3.1,6,0.523,0.518,1.3,2.2,0.592,3.1,5,8.1,1.2,0.4,0.6,1.1,2.2,7.6,Boston Celtics,1610612738
8,Payton Pritchard,23,66,4,19.2,2.8,6.3,0.44,1.5,3.8,0.411,1.2,2.6,0.482,0.562,0.6,0.7,0.889,0.5,1.9,2.4,1.8,0.6,0.1,0.8,1.6,7.7,Boston Celtics,1610612738
9,Robert Williams,23,52,13,18.9,3.6,5,0.721,0,0,0,3.6,4.9,0.727,0.721,0.9,1.4,0.616,2.6,4.3,6.9,1.8,0.8,1.8,1,2,8,Boston Celtics,1610612738
10,Jeff Teague,32,34,5,18.1,2.3,5.5,0.415,0.8,1.6,0.464,1.5,3.9,0.394,0.484,1.5,1.8,0.836,0.3,1.4,1.7,2.1,0.8,0.2,1.1,1.3,6.9,Boston Celtics,1610612738
11,Grant Williams,22,63,9,18.1,1.7,3.9,0.437,0.8,2,0.372,1,1.9,0.508,0.534,0.5,0.8,0.588,0.8,2.1,2.8,1,0.5,0.4,0.9,2.6,4.7,Boston Celtics,1610612738
12,Semi Ojeleye,26,56,15,17,1.6,3.9,0.403,1,2.8,0.367,0.6,1.1,0.492,0.534,0.4,0.6,0.75,0.6,2.1,2.6,0.7,0.3,0,0.4,1,4.6,Boston Celtics,1610612738
1,Terry Rozier,26,69,69,34.5,7.4,16.4,0.45,3.2,8.3,0.389,4.2,8.2,0.512,0.548,2.4,2.9,0.817,0.7,3.7,4.4,4.2,1.3,0.4,1.9,1.7,20.4,Charlotte Hornets,1610612766
2,Gordon Hayward,30,44,44,34,7.1,15,0.473,1.9,4.7,0.415,5.1,10.3,0.499,0.537,3.5,4.2,0.843,0.8,5,5.9,4.1,1.2,0.3,2.1,1.7,19.6,Charlotte Hornets,1610612766
3,P.J. Washington,22,64,61,30.5,4.7,10.7,0.44,1.8,4.5,0.386,3,6.2,0.48,0.522,1.7,2.3,0.745,1.5,5.1,6.5,2.5,1.1,1.2,2,2.7,12.9,Charlotte Hornets,1610612766
4,Devonte' Graham,25,55,44,30.2,4.6,12.2,0.377,3.3,8.7,0.375,1.3,3.5,0.38,0.51,2.4,2.9,0.842,0.4,2.3,2.7,5.4,0.9,0.1,1.5,1.4,14.8,Charlotte Hornets,1610612766
5,Miles Bridges,22,66,19,29.3,4.7,9.4,0.503,1.8,4.4,0.4,3,5,0.593,0.596,1.5,1.7,0.867,1.2,4.8,6,2.2,0.7,0.8,1.6,2.2,12.7,Charlotte Hornets,1610612766
6,LaMelo Ball,19,51,31,28.8,5.7,13.2,0.436,1.8,5.1,0.352,3.9,8.1,0.489,0.504,2.5,3.2,0.758,1.2,4.7,5.9,6.1,1.6,0.4,2.8,2.7,15.7,Charlotte Hornets,1610612766
7,Cody Zeller,28,48,21,20.9,3.8,6.8,0.559,0.1,0.6,0.143,3.7,6.2,0.598,0.565,1.8,2.5,0.714,2.5,4.4,6.8,1.8,0.6,0.4,1.1,2.5,9.4,Charlotte Hornets,1610612766
8,Malik Monk,22,42,0,20.9,4.1,9.5,0.434,2,5,0.401,2.1,4.5,0.471,0.54,1.4,1.7,0.819,0.3,2.1,2.4,2.1,0.5,0.1,1.3,1.1,11.7,Charlotte Hornets,1610612766
9,Bismack Biyombo,28,66,36,20.4,2.2,3.7,0.587,0,0,0,2.2,3.7,0.589,0.587,0.7,1.6,0.448,2.1,3.2,5.3,1.2,0.3,1.1,1.1,2.1,5,Charlotte Hornets,1610612766
10,Brad Wanamaker,31,22,0,19.5,2.5,5.7,0.429,0.1,1.1,0.125,2.3,4.6,0.5,0.44,1.8,2,0.889,0.5,1.3,1.8,3.4,0.8,0.2,1.5,1.8,6.9,Charlotte Hornets,1610612766
11,Jalen McDaniels,23,47,18,19.2,2.8,6,0.468,0.7,2.2,0.333,2.1,3.8,0.547,0.53,1,1.4,0.703,1,2.6,3.6,1.1,0.6,0.4,1,2,7.4,Charlotte Hornets,1610612766
12,Cody Martin,25,52,10,16.3,1.6,3.6,0.441,0.3,1.1,0.276,1.3,2.5,0.515,0.484,0.5,0.8,0.581,1,2.1,3.1,1.7,0.7,0.2,0.8,1,4,Charlotte Hornets,1610612766
1,Zach LaVine,25,58,58,35.1,9.8,19.4,0.507,3.4,8.2,0.419,6.4,11.1,0.571,0.596,4.4,5.1,0.849,0.6,4.4,5,4.9,0.8,0.5,3.5,2.4,27.4,Chicago Bulls,1610612741
2,Nikola Vučević,30,26,26,32.6,8.8,18.8,0.471,2.3,5.8,0.388,6.6,12.9,0.509,0.532,1.5,1.8,0.87,2.3,9.3,11.5,3.9,0.9,0.8,1.7,2.2,21.5,Chicago Bulls,1610612741
3,Coby White,20,69,54,31.2,5.4,13.1,0.416,2.4,6.6,0.359,3.1,6.5,0.473,0.506,1.9,2.1,0.901,0.4,3.7,4.1,4.8,0.6,0.2,2.3,2.6,15.1,Chicago Bulls,1610612741
4,Patrick Williams,19,71,71,27.9,3.6,7.4,0.483,0.8,1.9,0.391,2.8,5.5,0.515,0.534,1.3,1.8,0.728,0.9,3.7,4.6,1.4,0.9,0.6,1.4,1.8,9.2,Chicago Bulls,1610612741
5,Garrett Temple,34,56,25,27.3,2.8,6.8,0.415,1.2,3.6,0.335,1.6,3.2,0.503,0.503,0.7,0.9,0.8,0.5,2.3,2.9,2.2,0.8,0.5,1,2.3,7.6,Chicago Bulls,1610612741
6,Lauri Markkanen,23,51,26,25.8,4.9,10.2,0.48,2.3,5.8,0.402,2.6,4.4,0.582,0.594,1.5,1.8,0.826,0.7,4.6,5.3,0.9,0.5,0.3,1,1.5,13.6,Chicago Bulls,1610612741
7,Daniel Theis,28,23,14,25,4,7.7,0.522,0.7,2.5,0.281,3.3,5.3,0.636,0.567,1.2,1.9,0.651,1.7,4.2,5.9,1.8,0.7,0.6,1.1,2,10,Chicago Bulls,1610612741
8,Wendell Carter Jr.,21,32,25,24.8,4,7.9,0.512,0.3,0.7,0.364,3.8,7.2,0.526,0.528,2.6,3.5,0.739,2.2,5.6,7.8,2.2,0.6,0.8,1.5,3,10.9,Chicago Bulls,1610612741
9,Thaddeus Young,32,68,23,24.3,5.4,9.7,0.559,0.2,0.7,0.267,5.3,9.1,0.58,0.568,1,1.7,0.628,2.5,3.8,6.2,4.3,1.1,0.6,2,2.2,12.1,Chicago Bulls,1610612741
10,Tomáš Satoranský,29,58,18,22.5,2.9,5.7,0.514,0.7,2,0.356,2.2,3.6,0.602,0.578,1.2,1.4,0.848,0.5,1.9,2.4,4.7,0.7,0.2,1.7,1.5,7.7,Chicago Bulls,1610612741
11,Otto Porter,27,25,6,21.6,3.6,8.1,0.441,1.5,3.8,0.4,2,4.3,0.477,0.535,1.2,1.5,0.838,1.1,4.4,5.5,2,0.5,0.2,1,1.5,9.9,Chicago Bulls,1610612741
12,Troy Brown Jr.,21,13,0,18.2,2.2,4.2,0.527,0.6,1.8,0.333,1.6,2.4,0.677,0.6,0.4,0.5,0.833,0.7,2.7,3.4,0.8,0.5,0.2,0.4,1.5,5.5,Chicago Bulls,1610612741
1,Collin Sexton,22,60,60,35.3,8.8,18.4,0.475,1.6,4.4,0.371,7.1,14,0.508,0.519,5.2,6.4,0.815,1,2.2,3.1,4.4,1,0.2,2.8,2.6,24.3,Cleveland Cavaliers,1610612739
2,Darius Garland,21,54,50,33.1,6.7,14.9,0.451,1.9,4.9,0.395,4.8,9.9,0.479,0.517,2.1,2.4,0.848,0.4,2,2.4,6.1,1.2,0.1,3,2,17.4,Cleveland Cavaliers,1610612739
3,Isaac Okoro,20,67,67,32.4,3.5,8.3,0.42,0.9,3.2,0.29,2.6,5.1,0.501,0.476,1.7,2.3,0.726,1,2.1,3.1,1.9,0.9,0.4,1.3,2.8,9.6,Cleveland Cavaliers,1610612739
4,Larry Nance Jr.,28,35,27,31.2,3.7,7.8,0.471,1.2,3.3,0.36,2.5,4.5,0.551,0.546,0.9,1.4,0.612,1.5,5.2,6.7,3.1,1.7,0.5,1.6,2.1,9.3,Cleveland Cavaliers,1610612739
5,Jarrett Allen,22,51,40,30.3,5,8.2,0.609,0.1,0.4,0.316,4.9,7.8,0.623,0.616,3.1,4.5,0.69,3.1,6.8,9.9,1.7,0.5,1.4,1.5,1.5,13.2,Cleveland Cavaliers,1610612739
6,Andre Drummond,27,25,25,28.9,7.2,15.2,0.474,0,0.3,0,7.2,14.9,0.484,0.474,3.1,5.2,0.597,4,9.4,13.5,2.6,1.6,1.2,3.2,2.8,17.5,Cleveland Cavaliers,1610612739
7,Cedi Osman,25,59,26,25.6,3.7,9.9,0.374,1.7,5.5,0.306,2,4.4,0.458,0.458,1.3,1.6,0.8,0.6,2.8,3.4,2.9,0.9,0.2,1.4,2,10.4,Cleveland Cavaliers,1610612739
8,Kevin Love,32,25,25,24.9,4.1,10.1,0.409,2.3,6.2,0.365,1.8,3.8,0.479,0.522,1.7,2,0.824,0.7,6.8,7.4,2.5,0.6,0.1,1.5,1,12.2,Cleveland Cavaliers,1610612739
9,Taurean Prince,26,29,6,23.7,3.5,8.7,0.399,1.7,4.1,0.415,1.8,4.7,0.385,0.496,1.4,1.7,0.837,0.6,3.1,3.7,2.4,0.7,0.5,1.2,1.9,10.1,Cleveland Cavaliers,1610612739
10,Yogi Ferrell,27,2,0,20,4,10.5,0.381,1.5,4.5,0.333,2.5,6,0.417,0.452,0,1,0,1.5,2,3.5,2.5,1.5,0.5,1.5,2,9.5,Cleveland Cavaliers,1610612739
11,Damyean Dotson,26,46,7,19.7,2.6,6.4,0.406,1,3.5,0.289,1.6,2.9,0.545,0.485,0.5,0.8,0.667,0.1,1.9,2,2,0.3,0.1,0.9,0.9,6.7,Cleveland Cavaliers,1610612739
12,Dante Exum,25,6,3,19.3,1.7,4.3,0.385,0.3,1.8,0.182,1.3,2.5,0.533,0.423,0.2,0.3,0.5,0.3,2.5,2.8,2.2,0.7,0.3,1.2,1.5,3.8,Cleveland Cavaliers,1610612739
1,Luka Dončić,21,66,66,34.3,9.8,20.5,0.479,2.9,8.3,0.35,6.9,12.2,0.567,0.55,5.2,7.1,0.73,0.8,7.2,8,8.6,1,0.5,4.3,2.3,27.7,Dallas Mavericks,1610612742
2,Dorian Finney-Smith,27,60,60,32,3.7,7.8,0.472,2,5,0.394,1.7,2.7,0.616,0.6,0.5,0.7,0.756,1.6,3.8,5.4,1.7,0.9,0.4,0.8,2.3,9.8,Dallas Mavericks,1610612742
3,Kristaps Porziņģis,25,43,43,30.9,7.6,15.9,0.476,2.3,6,0.376,5.3,9.9,0.536,0.547,2.7,3.2,0.855,1.9,7,8.9,1.6,0.5,1.3,1.2,2.7,20.1,Dallas Mavericks,1610612742
4,Josh Richardson,27,59,56,30.3,4.5,10.5,0.427,1.5,4.5,0.33,3,5.9,0.501,0.498,1.7,1.8,0.917,0.9,2.4,3.3,2.6,1,0.4,1.3,2.2,12.1,Dallas Mavericks,1610612742
5,Tim Hardaway Jr.,28,70,31,28.4,5.8,13,0.447,3,7.6,0.391,2.9,5.5,0.524,0.56,2,2.5,0.816,0.3,3,3.3,1.8,0.4,0.2,0.9,1.6,16.6,Dallas Mavericks,1610612742
6,Maxi Kleber,29,50,40,26.8,2.3,5.5,0.422,1.7,4.2,0.41,0.6,1.3,0.46,0.58,0.7,0.7,0.919,0.9,4.3,5.2,1.4,0.5,0.7,0.6,2.1,7.1,Dallas Mavericks,1610612742
7,Jalen Brunson,24,68,12,25,4.8,9.2,0.523,1.2,2.9,0.405,3.6,6.3,0.578,0.588,1.8,2.2,0.795,0.4,3,3.4,3.5,0.5,0,1.2,1.6,12.6,Dallas Mavericks,1610612742
8,James Johnson,33,29,1,17.4,2.3,5,0.462,0.5,2.1,0.25,1.8,2.9,0.612,0.514,0.6,1,0.586,0.5,2.5,3,1.7,0.8,0.8,0.9,2,5.7,Dallas Mavericks,1610612742
9,Willie Cauley-Stein,27,53,16,17.1,2.2,3.4,0.632,0,0.2,0.091,2.2,3.2,0.667,0.635,0.9,1.5,0.628,1.2,3.2,4.5,0.7,0.4,0.8,0.5,2.4,5.3,Dallas Mavericks,1610612742
10,Dwight Powell,29,58,19,16.7,2.1,3.3,0.619,0.1,0.4,0.238,2,3,0.665,0.631,1.7,2.1,0.782,1.4,2.7,4,1.1,0.6,0.5,0.7,2.3,5.9,Dallas Mavericks,1610612742
11,Trey Burke,28,62,1,14.7,2.4,5.7,0.428,0.9,2.6,0.354,1.5,3,0.492,0.51,0.8,0.9,0.895,0.2,0.7,0.9,1.3,0.6,0.1,0.5,1,6.6,Dallas Mavericks,1610612742
12,Nicolò Melli,30,23,4,14.1,1.3,3.6,0.378,0.7,2.1,0.333,0.7,1.5,0.441,0.476,0.6,0.8,0.722,0.7,2.1,2.8,0.8,0.2,0.1,0.2,1.3,4,Dallas Mavericks,1610612742
1,Jamal Murray,23,48,48,35.5,7.9,16.5,0.477,2.7,6.6,0.408,5.2,9.9,0.523,0.559,2.8,3.2,0.869,0.8,3.3,4,4.8,1.3,0.3,2.3,2,21.2,Denver Nuggets,1610612743
2,Nikola Jokić,25,72,72,34.6,10.2,18,0.566,1.3,3.3,0.388,8.9,14.7,0.606,0.602,4.8,5.5,0.868,2.8,8,10.8,8.3,1.3,0.7,3.1,2.7,26.4,Denver Nuggets,1610612743
3,Michael Porter Jr.,22,61,54,31.3,7.3,13.4,0.542,2.8,6.3,0.445,4.5,7.1,0.628,0.646,1.7,2.2,0.791,1.5,5.8,7.3,1.1,0.7,0.9,1.3,2.1,19,Denver Nuggets,1610612743
4,Will Barton,30,56,52,31,4.6,10.9,0.426,1.8,4.6,0.381,2.9,6.3,0.459,0.507,1.7,2.2,0.785,0.7,3.3,4,3.2,0.9,0.4,1.7,1.7,12.7,Denver Nuggets,1610612743
5,Gary Harris,26,19,19,30.6,3.6,8.2,0.442,1.3,3.9,0.32,2.4,4.3,0.556,0.519,1.2,1.6,0.733,0.7,1.8,2.5,1.7,0.9,0.2,0.7,1.9,9.7,Denver Nuggets,1610612743
6,Austin Rivers,28,15,5,26.9,3.1,7.3,0.418,1.8,4.8,0.375,1.3,2.5,0.5,0.541,0.8,1.1,0.706,0.2,2.1,2.3,2.6,1.2,0.1,0.9,2.1,8.7,Denver Nuggets,1610612743
7,Aaron Gordon,25,25,25,25.9,4.1,8.2,0.5,0.7,2.6,0.266,3.4,5.7,0.606,0.541,1.2,1.8,0.705,1.5,3.2,4.7,2.2,0.7,0.6,1.2,1.6,10.2,Denver Nuggets,1610612743
8,Monte Morris,25,47,13,25.4,4,8.2,0.481,1.1,2.9,0.381,2.9,5.4,0.534,0.547,1.2,1.6,0.795,0.2,1.8,2,3.2,0.7,0.3,0.7,1,10.2,Denver Nuggets,1610612743
9,Facundo Campazzo,29,65,19,21.9,1.8,4.8,0.381,1.2,3.3,0.352,0.7,1.5,0.444,0.502,1.2,1.4,0.879,0.3,1.7,2.1,3.6,1.2,0.2,1.1,2,6.1,Denver Nuggets,1610612743
10,PJ Dozier,24,50,6,21.8,3,7.1,0.417,0.9,3,0.315,2,4.1,0.49,0.483,0.8,1.3,0.636,0.7,2.9,3.6,1.8,0.6,0.4,0.9,1.7,7.7,Denver Nuggets,1610612743
11,Paul Millsap,35,56,36,20.8,3.4,7.2,0.476,0.9,2.6,0.343,2.5,4.6,0.55,0.537,1.3,1.8,0.724,1.4,3.3,4.7,1.8,0.9,0.6,0.9,2,9,Denver Nuggets,1610612743
12,JaMychal Green,30,58,5,19.3,3,6.4,0.463,1.4,3.4,0.399,1.6,3,0.534,0.568,0.8,1,0.807,1.5,3.3,4.8,0.9,0.4,0.4,0.9,2.5,8.1,Denver Nuggets,1610612743
1,Jerami Grant,26,54,54,33.9,7.4,17.3,0.429,2.1,6.1,0.35,5.3,11.2,0.473,0.491,5.4,6.4,0.845,0.6,4,4.6,2.8,0.6,1.1,2,2.3,22.3,Detroit Pistons,1610612765
2,Blake Griffin,31,20,20,31.3,4.1,11.1,0.365,2,6.2,0.315,2.1,4.9,0.429,0.453,2.2,3.1,0.71,0.4,4.9,5.2,3.9,0.7,0.1,1.6,2.1,12.3,Detroit Pistons,1610612765
3,Delon Wright,28,36,31,29.2,3.8,8.1,0.464,0.9,2.5,0.348,2.9,5.7,0.515,0.517,2,2.5,0.789,1,3.5,4.6,5,1.6,0.5,1.3,1.3,10.4,Detroit Pistons,1610612765
4,Saddiq Bey,21,70,53,27.3,4,9.9,0.404,2.5,6.6,0.38,1.5,3.3,0.45,0.53,1.8,2.1,0.844,0.6,3.9,4.5,1.4,0.7,0.2,0.9,1.6,12.2,Detroit Pistons,1610612765
5,Mason Plumlee,30,56,56,26.8,4.2,6.8,0.614,0,0.1,0,4.2,6.7,0.626,0.614,2,3,0.669,2.6,6.7,9.3,3.6,0.8,0.9,1.9,3.3,10.4,Detroit Pistons,1610612765
6,Cory Joseph,29,19,11,26.4,4.7,9.3,0.506,0.7,2,0.368,3.9,7.3,0.543,0.545,1.9,2.2,0.878,0.5,2.6,3.2,5.5,1.2,0.5,1.8,2.2,12,Detroit Pistons,1610612765
7,Killian Hayes,19,26,18,25.8,2.7,7.7,0.353,0.8,2.8,0.278,2,5,0.395,0.403,0.5,0.7,0.824,0.2,2.4,2.7,5.3,1,0.4,3.2,2.2,6.8,Detroit Pistons,1610612765
8,Josh Jackson,23,62,25,25.2,4.8,11.4,0.419,1.2,4.1,0.3,3.5,7.3,0.487,0.473,2.6,3.5,0.729,0.9,3.2,4.1,2.3,0.9,0.8,2.3,2.9,13.4,Detroit Pistons,1610612765
9,Hamidou Diallo,22,20,4,23.3,4.1,8.7,0.468,0.8,2.1,0.39,3.3,6.6,0.492,0.514,2.3,3.4,0.662,1.1,4.3,5.4,1.2,0.5,0.6,1.4,2.6,11.2,Detroit Pistons,1610612765
10,Derrick Rose,32,15,0,22.8,5.3,12.3,0.429,0.9,2.6,0.333,4.4,9.7,0.455,0.465,2.8,3.3,0.84,0.4,1.5,1.9,4.2,1.2,0.3,1.9,1.1,14.2,Detroit Pistons,1610612765
11,Wayne Ellington,33,46,31,22,3.2,7.3,0.441,2.5,6,0.422,0.7,1.4,0.524,0.612,0.6,0.8,0.8,0.3,1.6,1.8,1.5,0.4,0.2,0.7,1.3,9.6,Detroit Pistons,1610612765
12,Isaiah Stewart,19,68,14,21.4,3.3,6,0.553,0.3,0.9,0.333,3,5.1,0.592,0.578,0.9,1.4,0.696,2.3,4.3,6.7,0.9,0.6,1.3,1,2.7,7.9,Detroit Pistons,1610612765
1,Stephen Curry,32,63,63,34.2,10.4,21.7,0.482,5.3,12.7,0.421,5.1,9,0.569,0.605,5.7,6.3,0.916,0.5,5,5.5,5.8,1.2,0.1,3.4,1.9,32,Golden State Warriors,1610612744
2,Andrew Wiggins,25,71,71,33.3,7.1,14.9,0.477,2,5.2,0.38,5.1,9.7,0.529,0.543,2.4,3.4,0.714,1.2,3.7,4.9,2.4,0.9,1,1.8,2.2,18.6,Golden State Warriors,1610612744
3,Draymond Green,30,63,63,31.5,2.7,6,0.447,0.5,2,0.27,2.2,4,0.535,0.492,1.1,1.4,0.795,0.9,6.3,7.1,8.9,1.7,0.8,3,3.1,7,Golden State Warriors,1610612744
4,Kelly Oubre Jr.,25,55,50,30.7,5.8,13.2,0.439,1.6,5.2,0.316,4.1,8,0.519,0.501,2.2,3.2,0.695,1.5,4.5,6,1.3,1,0.8,1.3,2.2,15.4,Golden State Warriors,1610612744
5,James Wiseman,19,39,27,21.4,4.9,9.4,0.519,0.3,1,0.316,4.6,8.5,0.542,0.535,1.4,2.2,0.628,1.4,4.4,5.8,0.7,0.3,0.9,1.5,3.1,11.5,Golden State Warriors,1610612744
6,Juan Toscano-Anderson,27,53,16,20.9,2.3,3.9,0.579,0.7,1.7,0.402,1.6,2.2,0.718,0.667,0.4,0.6,0.71,0.5,3.9,4.4,2.8,0.8,0.5,1.2,2.1,5.7,Golden State Warriors,1610612744
7,Kent Bazemore,31,67,18,19.9,2.6,5.9,0.449,1.1,2.7,0.408,1.5,3.1,0.486,0.545,0.8,1.2,0.692,0.4,3,3.4,1.6,1,0.5,1.2,2.4,7.2,Golden State Warriors,1610612744
8,Jordan Poole,21,51,7,19.4,4,9.3,0.432,1.9,5.4,0.351,2.1,3.9,0.545,0.535,2.1,2.3,0.882,0.3,1.5,1.8,1.9,0.5,0.2,1,1.7,12,Golden State Warriors,1610612744
9,Kevon Looney,24,61,34,19,1.8,3.2,0.548,0.1,0.3,0.235,1.7,3,0.578,0.558,0.5,0.8,0.646,1.9,3.4,5.3,2,0.3,0.4,0.6,2.2,4.1,Golden State Warriors,1610612744
10,Damion Lee,28,57,1,18.9,2.2,4.8,0.467,1.4,3.4,0.397,0.9,1.4,0.638,0.608,0.7,0.8,0.909,0.4,2.8,3.2,1.3,0.7,0.1,0.5,1.6,6.5,Golden State Warriors,1610612744
11,Eric Paschall,24,40,2,17.4,3.7,7.5,0.497,0.5,1.4,0.333,3.3,6.1,0.533,0.527,1.7,2.4,0.713,0.7,2.5,3.2,1.3,0.3,0.2,1.1,1.7,9.5,Golden State Warriors,1610612744
12,Brad Wanamaker,31,39,0,16,1.6,4.4,0.353,0.3,1.6,0.213,1.2,2.9,0.429,0.39,1.3,1.4,0.893,0.2,1.5,1.7,2.5,0.7,0.2,0.9,1.4,4.7,Golden State Warriors,1610612744
1,James Harden,31,8,8,36.3,7.5,16.9,0.444,3.1,9,0.347,4.4,7.9,0.556,0.537,6.6,7.5,0.883,0.6,4.5,5.1,10.4,0.9,0.8,4.3,1.8,24.8,Houston Rockets,1610612745
2,Victor Oladipo,28,20,20,33.5,7.8,19.1,0.407,2.5,7.7,0.32,5.3,11.4,0.465,0.471,3.3,4.2,0.783,0.4,4.4,4.8,5,1.2,0.5,2.6,2.3,21.2,Houston Rockets,1610612745
3,Christian Wood,25,41,41,32.3,8,15.6,0.514,1.9,5,0.374,6.1,10.6,0.581,0.574,3,4.8,0.631,1.9,7.8,9.6,1.7,0.8,1.2,2,2.1,21,Houston Rockets,1610612745
4,John Wall,30,40,40,32.2,7.3,18.2,0.404,2,6.2,0.317,5.4,11.9,0.449,0.458,4,5.3,0.749,0.4,2.8,3.2,6.9,1.1,0.8,3.5,1.2,20.6,Houston Rockets,1610612745
5,Kevin Porter Jr.,20,26,23,32.1,6,14.1,0.425,1.9,6.2,0.311,4.1,7.9,0.515,0.493,2.7,3.6,0.734,0.8,3,3.8,6.3,0.7,0.3,3.5,2.3,16.6,Houston Rockets,1610612745
6,Kelly Olynyk,29,27,24,31.1,6.5,11.9,0.545,1.8,4.6,0.392,4.7,7.3,0.643,0.621,4.2,5,0.844,1.6,6.9,8.4,4.1,1.4,0.6,2.6,3.1,19,Houston Rockets,1610612745
7,Khyri Thomas,24,5,2,30.6,6.4,13.2,0.485,1.8,5.4,0.333,4.6,7.8,0.59,0.553,1.8,1.8,1,1.4,2.2,3.6,5,1.8,1.2,1.2,1.6,16.4,Houston Rockets,1610612745
8,P.J. Tucker,35,32,32,30,1.5,4.1,0.366,0.8,2.7,0.314,0.7,1.4,0.467,0.469,0.6,0.7,0.783,1,3.6,4.6,1.4,0.9,0.6,1,2.8,4.4,Houston Rockets,1610612745
9,Eric Gordon,32,27,13,29.2,5.9,13.6,0.433,2.6,7.8,0.329,3.3,5.8,0.573,0.527,3.5,4.2,0.825,0.3,1.9,2.1,2.6,0.5,0.5,1.9,1.6,17.8,Houston Rockets,1610612745
10,Jae'Sean Tate,25,70,58,29.2,4.5,8.9,0.506,0.9,2.8,0.308,3.7,6.1,0.595,0.554,1.5,2.1,0.694,1.9,3.5,5.3,2.5,1.2,0.5,1.4,3.2,11.3,Houston Rockets,1610612745
11,Armoni Brooks,22,20,5,26,3.9,9.6,0.406,3,7.9,0.382,0.9,1.8,0.514,0.563,0.4,0.6,0.583,0.5,2.9,3.4,1.5,0.6,0.3,1.1,1.7,11.2,Houston Rockets,1610612745
12,Danuel House,27,36,23,25.9,3.1,7.6,0.404,1.5,4.3,0.346,1.6,3.2,0.483,0.504,1.1,1.8,0.651,0.5,3.2,3.7,1.9,0.6,0.4,1,1.9,8.8,Houston Rockets,1610612745
1,Domantas Sabonis,24,62,62,36,7.8,14.6,0.535,0.8,2.6,0.321,7,12,0.582,0.564,3.9,5.3,0.732,2.4,9.5,12,6.7,1.2,0.5,3.4,3.3,20.3,Indiana Pacers,1610612754
2,Malcolm Brogdon,28,56,56,34.5,7.9,17.5,0.453,2.6,6.7,0.388,5.3,10.8,0.493,0.527,2.7,3.2,0.864,1,4.2,5.3,5.9,0.9,0.3,2.1,2,21.2,Indiana Pacers,1610612754
3,Victor Oladipo,28,9,9,33.3,7.1,16.9,0.421,2.8,7.7,0.362,4.3,9.2,0.47,0.503,3,4.1,0.73,0.1,5.6,5.7,4.2,1.7,0.2,2,2.6,20,Indiana Pacers,1610612754
4,Caris LeVert,26,35,35,32.9,7.8,17.5,0.443,1.8,5.6,0.318,6,12,0.501,0.493,3.4,4.2,0.822,0.7,4,4.6,4.9,1.5,0.7,2.2,2.4,20.7,Indiana Pacers,1610612754
5,Myles Turner,24,47,47,31,4.4,9.2,0.477,1.5,4.4,0.335,2.9,4.8,0.606,0.557,2.4,3,0.782,1.3,5.2,6.5,1,0.9,3.4,1.4,3.5,12.6,Indiana Pacers,1610612754
6,Justin Holiday,31,72,52,30.3,3.6,8.7,0.413,2.4,6.3,0.382,1.2,2.4,0.494,0.551,0.9,1.2,0.788,0.4,3.1,3.6,1.7,1,0.6,0.8,1.9,10.5,Indiana Pacers,1610612754
7,T.J. Warren,27,4,4,29.3,6.8,12.8,0.529,0,1.8,0,6.8,11,0.614,0.529,2,2.5,0.8,0.5,3,3.5,1.3,0.5,0,1,4,15.5,Indiana Pacers,1610612754
8,T.J. McConnell,28,69,3,26,4,7.1,0.559,0.2,0.7,0.313,3.8,6.4,0.586,0.574,0.5,0.7,0.688,0.8,2.9,3.7,6.6,1.9,0.3,2,1.6,8.6,Indiana Pacers,1610612754
9,Oshae Brissett,22,21,16,24.7,3.5,7.2,0.483,1.6,3.7,0.423,1.9,3.5,0.548,0.593,2.4,3.1,0.769,1.4,4.1,5.5,0.9,0.9,1,0.5,1.5,10.9,Indiana Pacers,1610612754
10,Doug McDermott,29,66,29,24.5,5.4,10.1,0.532,1.7,4.3,0.388,3.7,5.7,0.641,0.616,1.2,1.5,0.816,0.9,2.4,3.3,1.3,0.3,0.1,0.8,1.8,13.6,Indiana Pacers,1610612754
11,Jeremy Lamb,28,36,8,21.3,3.3,7.7,0.435,1.4,3.6,0.406,1.9,4.1,0.459,0.529,2,2.1,0.947,0.7,2.9,3.6,1.5,0.9,0.6,0.6,2,10.1,Indiana Pacers,1610612754
12,Aaron Holiday,24,66,8,17.8,2.6,6.6,0.39,1,2.8,0.368,1.6,3.8,0.406,0.467,1,1.3,0.819,0.2,1.1,1.3,1.9,0.7,0.2,1,1.4,7.2,Indiana Pacers,1610612754
1,Kawhi Leonard,29,52,52,34.1,8.9,17.5,0.512,1.9,4.9,0.398,7,12.6,0.557,0.568,5,5.7,0.885,1.1,5.4,6.5,5.2,1.6,0.4,2,1.6,24.8,Los Angeles Clippers,1610612746
2,Paul George,30,54,54,33.7,8.2,17.6,0.467,3.2,7.7,0.411,5.1,9.9,0.51,0.557,3.7,4.2,0.868,0.8,5.8,6.6,5.2,1.1,0.4,3.3,2.4,23.3,Los Angeles Clippers,1610612746
3,Nicolas Batum,32,67,38,27.4,2.9,6.1,0.464,1.6,4.1,0.404,1.2,2.1,0.579,0.597,0.7,0.9,0.828,0.7,4,4.7,2.2,1,0.6,0.8,1.5,8.1,Los Angeles Clippers,1610612746
4,Marcus Morris,31,57,29,26.4,4.8,10.2,0.473,2.5,5.2,0.473,2.4,5.1,0.472,0.592,1.3,1.6,0.82,0.6,3.5,4.1,1,0.6,0.3,1,2.1,13.4,Los Angeles Clippers,1610612746
5,Serge Ibaka,31,41,39,23.3,4.5,8.9,0.51,1,2.8,0.339,3.6,6.1,0.588,0.563,1,1.3,0.811,1.8,4.9,6.7,1.8,0.2,1.1,1.1,1.9,11.1,Los Angeles Clippers,1610612746
6,Reggie Jackson,30,67,43,23,3.9,8.7,0.45,1.8,4.2,0.433,2.1,4.5,0.465,0.554,1,1.2,0.817,0.4,2.5,2.9,3.1,0.6,0.1,1.1,1.9,10.7,Los Angeles Clippers,1610612746
7,Patrick Beverley,32,37,34,22.5,2.5,5.9,0.423,1.5,3.8,0.397,1,2.1,0.468,0.55,1,1.2,0.8,0.8,2.4,3.2,2.1,0.8,0.8,0.9,2.9,7.5,Los Angeles Clippers,1610612746
8,Ivica Zubac,23,72,33,22.3,3.6,5.5,0.652,0,0.1,0.25,3.6,5.4,0.656,0.654,1.9,2.4,0.789,2.6,4.6,7.2,1.3,0.3,0.9,1.1,2.6,9,Los Angeles Clippers,1610612746
9,Lou Williams,34,42,3,21.9,4.3,10.2,0.421,1.1,2.8,0.378,3.2,7.4,0.437,0.473,2.5,2.8,0.866,0.4,1.7,2.1,3.4,0.9,0.1,1.6,1,12.1,Los Angeles Clippers,1610612746
10,Jay Scrubb,20,4,1,21,3.5,9,0.389,0.5,2.3,0.222,3,6.8,0.444,0.417,1.3,1.3,1,0.5,3,3.5,0.3,1,0,1.8,1.3,8.8,Los Angeles Clippers,1610612746
11,Rajon Rondo,34,18,1,20.4,2.8,5.8,0.486,1.1,2.4,0.432,1.8,3.4,0.525,0.576,0.8,0.8,1,0.8,2.3,3.1,5.8,1,0.1,2.2,1.6,7.6,Los Angeles Clippers,1610612746
12,Luke Kennard,24,63,17,19.6,3.1,6.6,0.476,1.6,3.6,0.446,1.5,3,0.511,0.597,0.4,0.5,0.839,0.2,2.3,2.6,1.7,0.4,0.1,0.8,1.4,8.3,Los Angeles Clippers,1610612746
1,LeBron James,36,45,45,33.4,9.4,18.3,0.513,2.3,6.3,0.365,7.1,12,0.591,0.576,4,5.7,0.698,0.6,7,7.7,7.8,1.1,0.6,3.7,1.6,25,Los Angeles Lakers,1610612747
2,Anthony Davis,27,36,36,32.3,8.4,17,0.491,0.7,2.8,0.26,7.6,14.3,0.536,0.512,4.4,5.9,0.738,1.7,6.2,7.9,3.1,1.3,1.6,2.1,1.7,21.8,Los Angeles Lakers,1610612747
3,Dennis Schröder,27,61,61,32.1,5.4,12.5,0.437,1.2,3.5,0.335,4.3,9,0.476,0.484,3.4,4,0.848,0.5,3,3.5,5.8,1.1,0.2,2.7,2.6,15.4,Los Angeles Lakers,1610612747
4,Kyle Kuzma,25,68,32,28.7,4.9,11.1,0.443,2,5.6,0.361,2.9,5.5,0.525,0.533,1,1.4,0.691,1.6,4.5,6.1,1.9,0.5,0.6,1.7,1.8,12.9,Los Angeles Lakers,1610612747
5,Kentavious Caldwell-Pope,27,67,67,28.4,3.3,7.6,0.431,1.8,4.4,0.41,1.5,3.2,0.46,0.549,1.4,1.7,0.866,0.4,2.3,2.7,1.9,0.9,0.4,1,1.7,9.7,Los Angeles Lakers,1610612747
6,Andre Drummond,27,21,21,24.8,4.9,9.1,0.531,0,0,,4.9,9.1,0.531,0.531,2.2,3.6,0.605,3.1,7.1,10.2,1.4,1.1,1,2,3.8,11.9,Los Angeles Lakers,1610612747
7,Montrezl Harrell,27,69,1,22.9,5.4,8.7,0.622,0,0.1,0,5.4,8.6,0.632,0.622,2.6,3.7,0.707,2.3,3.9,6.2,1.1,0.7,0.7,1.1,1.9,13.5,Los Angeles Lakers,1610612747
8,Alex Caruso,26,58,6,21,2.3,5.3,0.436,0.9,2.4,0.401,1.3,2.9,0.464,0.526,0.8,1.3,0.645,0.5,2.4,2.9,2.8,1.1,0.3,1.3,1.9,6.4,Los Angeles Lakers,1610612747
9,Talen Horton-Tucker,20,65,4,20.1,3.4,7.5,0.458,0.6,2,0.282,2.9,5.5,0.522,0.496,1.5,2,0.775,0.4,2.2,2.6,2.8,1,0.3,1.6,2,9,Los Angeles Lakers,1610612747
10,Markieff Morris,31,61,27,19.7,2.5,6.2,0.405,1.1,3.4,0.311,1.4,2.8,0.521,0.491,0.6,0.8,0.72,0.8,3.6,4.4,1.2,0.4,0.3,0.9,1.7,6.7,Los Angeles Lakers,1610612747
11,Wesley Matthews,34,58,10,19.5,1.5,4.3,0.353,1.1,3.4,0.335,0.4,0.9,0.418,0.484,0.6,0.7,0.854,0.3,1.3,1.6,0.9,0.7,0.3,0.4,1.4,4.8,Los Angeles Lakers,1610612747
12,Marc Gasol,36,52,42,19.1,1.7,3.7,0.454,1,2.3,0.41,0.7,1.4,0.528,0.582,0.7,1,0.72,0.7,3.4,4.1,2.1,0.5,1.1,1,2.2,5,Los Angeles Lakers,1610612747
1,Ja Morant,21,63,63,32.6,6.8,15.2,0.449,1.2,3.8,0.303,5.7,11.4,0.499,0.487,4.3,5.9,0.728,0.9,3.1,4,7.4,0.9,0.2,3.2,1.4,19.1,Memphis Grizzlies,1610612763
2,Dillon Brooks,25,67,67,29.8,6.4,15.4,0.419,1.9,5.6,0.344,4.5,9.8,0.461,0.481,2.4,2.9,0.815,0.8,2.1,2.9,2.3,1.2,0.4,1.8,3.5,17.2,Memphis Grizzlies,1610612763
3,Jonas Valančiūnas,28,62,61,28.3,7.1,12,0.592,0.3,0.9,0.368,6.8,11.1,0.611,0.606,2.5,3.3,0.773,4.1,8.4,12.5,1.8,0.6,0.9,1.6,2.9,17.1,Memphis Grizzlies,1610612763
4,Kyle Anderson,27,69,69,27.3,4.5,9.5,0.468,1.4,3.8,0.36,3.1,5.8,0.539,0.54,2.1,2.7,0.783,0.8,5,5.7,3.6,1.2,0.8,1.2,1.7,12.4,Memphis Grizzlies,1610612763
5,Grayson Allen,25,50,38,25.2,3.5,8.3,0.418,2.1,5.5,0.391,1.3,2.8,0.471,0.547,1.6,1.8,0.868,0.4,2.8,3.2,2.2,0.9,0.2,1,1.4,10.6,Memphis Grizzlies,1610612763
6,Brandon Clarke,24,59,16,24,4.3,8.4,0.517,0.3,1.3,0.26,4,7.1,0.565,0.537,1.3,1.9,0.69,1.6,3.9,5.6,1.6,1,0.9,0.6,1.4,10.3,Memphis Grizzlies,1610612763
7,Jaren Jackson Jr.,21,11,4,23.5,4.8,11.4,0.424,1.5,5.5,0.283,3.3,5.9,0.554,0.492,3.2,3.8,0.833,1.5,4.1,5.6,1.1,1.1,1.6,1.4,3.8,14.4,Memphis Grizzlies,1610612763
8,Desmond Bane,22,68,17,22.3,3.4,7.3,0.469,1.7,4,0.432,1.7,3.4,0.513,0.586,0.6,0.7,0.816,0.5,2.6,3.1,1.7,0.6,0.2,0.9,1.8,9.2,Memphis Grizzlies,1610612763
9,De'Anthony Melton,22,52,1,20.1,3.3,7.6,0.438,1.7,4.1,0.412,1.6,3.5,0.467,0.548,0.8,1,0.804,0.6,2.5,3.1,2.5,1.2,0.6,1.3,1.6,9.1,Memphis Grizzlies,1610612763
10,Justise Winslow,24,26,1,19.5,2.8,8.1,0.352,0.4,2.1,0.185,2.5,6,0.41,0.376,0.8,1.3,0.571,0.7,3.8,4.5,1.9,0.6,0.5,1.4,1.8,6.8,Memphis Grizzlies,1610612763
11,Xavier Tillman Sr.,22,59,12,18.4,2.8,5.1,0.559,0.4,1.1,0.338,2.5,4,0.62,0.595,0.6,0.9,0.642,1.3,3.1,4.3,1.3,0.7,0.6,0.8,2,6.6,Memphis Grizzlies,1610612763
12,Tyus Jones,24,70,9,17.5,2.5,5.9,0.431,0.6,2,0.321,1.9,3.9,0.487,0.485,0.6,0.6,0.911,0.3,1.7,2,3.7,0.9,0.1,0.7,0.4,6.3,Memphis Grizzlies,1610612763
1,Jimmy Butler,31,52,52,33.6,7,14.2,0.497,0.5,2,0.245,6.6,12.2,0.538,0.514,6.9,8,0.863,1.8,5.1,6.9,7.1,2.1,0.3,2.1,1.4,21.5,Miami Heat,1610612748
2,Bam Adebayo,23,64,64,33.5,7.1,12.5,0.57,0,0.1,0.25,7.1,12.4,0.573,0.571,4.4,5.5,0.799,2.2,6.7,9,5.4,1.2,1,2.6,2.3,18.7,Miami Heat,1610612748
3,Duncan Robinson,26,72,72,31.4,4.4,10,0.439,3.5,8.5,0.408,0.9,1.4,0.625,0.614,0.9,1,0.827,0.1,3.4,3.5,1.8,0.6,0.3,1.1,2.5,13.1,Miami Heat,1610612748
4,Tyler Herro,21,54,15,30.3,5.7,12.9,0.439,2,5.5,0.36,3.7,7.4,0.498,0.516,1.7,2.2,0.803,0.5,4.5,5,3.4,0.6,0.3,1.9,1.3,15.1,Miami Heat,1610612748
5,Kendrick Nunn,25,56,44,29.5,5.7,11.8,0.485,2.2,5.7,0.381,3.5,6,0.583,0.578,1,1.1,0.933,0.4,2.8,3.2,2.6,0.9,0.3,1.4,1.9,14.6,Miami Heat,1610612748
6,Trevor Ariza,35,30,27,28,3.3,8,0.411,1.7,4.8,0.35,1.6,3.3,0.5,0.515,1.1,1.5,0.773,0.9,3.9,4.8,1.8,1,0.6,0.7,1.8,9.4,Miami Heat,1610612748
7,Victor Oladipo,28,4,4,27.8,4,10.8,0.372,1,4.3,0.235,3,6.5,0.462,0.419,3,4.5,0.667,0.8,2.8,3.5,3.5,1.8,0.5,3.5,3.3,12,Miami Heat,1610612748
8,Kelly Olynyk,29,43,38,26.9,3.8,8.7,0.431,1.8,5.7,0.317,2,3.1,0.639,0.533,0.7,0.9,0.775,1,5,6.1,2.1,0.9,0.6,1.3,2.9,10,Miami Heat,1610612748
9,Goran Dragić,34,50,11,26.7,4.8,11.1,0.432,1.8,4.9,0.373,3,6.2,0.479,0.514,2,2.4,0.828,0.5,2.9,3.4,4.4,0.7,0.2,2.4,2.3,13.4,Miami Heat,1610612748
10,Andre Iguodala,37,63,5,21.3,1.5,3.9,0.383,1,2.9,0.33,0.6,1,0.53,0.504,0.4,0.6,0.658,0.6,2.9,3.5,2.3,0.9,0.6,1.1,1.4,4.4,Miami Heat,1610612748
11,Avery Bradley,30,10,1,21.1,3.1,6.6,0.47,1.6,3.8,0.421,1.5,2.8,0.536,0.591,0.7,0.9,0.778,0.2,1.6,1.8,1.4,0.7,0.1,0.9,2.6,8.5,Miami Heat,1610612748
12,Nemanja Bjelica,32,11,2,14.2,1.8,4.2,0.435,0.9,2.5,0.37,0.9,1.7,0.526,0.543,0.5,0.8,0.556,0.5,2,2.5,1.8,0.6,0.3,0.5,1.8,5,Miami Heat,1610612748
1,Khris Middleton,29,68,68,33.4,7.5,15.8,0.476,2.2,5.4,0.414,5.3,10.4,0.508,0.546,3.1,3.5,0.898,0.8,5.2,6,5.4,1.1,0.1,2.6,2.4,20.4,Milwaukee Bucks,1610612749
2,Giannis Antetokounmpo,26,61,61,33,10.3,18,0.569,1.1,3.6,0.303,9.2,14.4,0.636,0.6,6.5,9.5,0.685,1.6,9.4,11,5.9,1.2,1.2,3.4,2.8,28.1,Milwaukee Bucks,1610612749
3,Justin Jackson,25,1,0,33,3,9,0.333,2,6,0.333,1,3,0.333,0.444,1,2,0.5,2,4,6,1,0,0,1,1,9,Milwaukee Bucks,1610612749
4,Jrue Holiday,30,59,56,32.3,7,13.9,0.503,1.9,4.8,0.392,5.1,9.2,0.561,0.57,1.8,2.3,0.787,1.2,3.3,4.5,6.1,1.6,0.6,2.2,1.7,17.7,Milwaukee Bucks,1610612749
5,Elijah Bryant,25,1,0,32,6,13,0.462,1,5,0.2,5,8,0.625,0.5,3,3,1,2,4,6,3,0,1,4,4,16,Milwaukee Bucks,1610612749
6,Donte DiVincenzo,24,66,66,27.5,3.8,9.1,0.42,2,5.2,0.379,1.8,3.9,0.475,0.528,0.8,1.1,0.718,1.2,4.5,5.8,3.1,1.1,0.2,1.4,1.7,10.4,Milwaukee Bucks,1610612749
7,Brook Lopez,32,70,70,27.2,4.6,9.1,0.503,1.4,4,0.338,3.2,5.1,0.632,0.577,1.7,2,0.845,1.5,3.5,5,0.7,0.6,1.5,0.9,2.1,12.3,Milwaukee Bucks,1610612749
8,Pat Connaughton,28,69,4,22.8,2.4,5.6,0.434,1.5,3.9,0.371,1,1.7,0.583,0.565,0.4,0.6,0.775,0.9,3.9,4.8,1.2,0.7,0.3,0.5,1.4,6.8,Milwaukee Bucks,1610612749
9,Bobby Portis,25,66,7,20.8,4.7,9.1,0.523,1.1,2.4,0.471,3.6,6.7,0.542,0.585,0.8,1.1,0.74,1.9,5.2,7.1,1.1,0.8,0.4,0.8,1.7,11.4,Milwaukee Bucks,1610612749
10,P.J. Tucker,35,20,1,19.9,0.9,2.3,0.391,0.7,1.7,0.394,0.3,0.7,0.385,0.533,0.2,0.3,0.6,0.9,1.9,2.8,0.8,0.5,0.1,0.4,1.7,2.6,Milwaukee Bucks,1610612749
11,Bryn Forbes,27,70,10,19.3,3.6,7.6,0.473,2.2,4.9,0.452,1.4,2.7,0.511,0.618,0.7,0.9,0.77,0.2,1.4,1.6,0.6,0.3,0,0.6,1.1,10,Milwaukee Bucks,1610612749
12,D.J. Augustin,33,37,6,19.3,1.9,5.2,0.37,1.3,3.5,0.38,0.6,1.7,0.349,0.497,1,1.1,0.9,0.3,1.1,1.4,3,0.5,0,0.9,0.9,6.1,Milwaukee Bucks,1610612749
1,Karl-Anthony Towns,25,50,50,33.8,8.5,17.5,0.486,2.4,6.3,0.387,6.1,11.2,0.541,0.555,5.3,6.2,0.859,2.7,7.9,10.6,4.5,0.8,1.1,3.2,3.7,24.8,Minnesota Timberwolves,1610612750
2,Malik Beasley,24,37,36,32.8,7.1,16.2,0.44,3.5,8.7,0.399,3.7,7.5,0.487,0.547,1.8,2.2,0.85,0.8,3.6,4.4,2.4,0.8,0.2,1.6,1.7,19.6,Minnesota Timberwolves,1610612750
3,Anthony Edwards,19,72,55,32.1,7,16.8,0.417,2.4,7.2,0.329,4.6,9.6,0.483,0.488,2.9,3.8,0.776,0.8,3.8,4.7,2.9,1.1,0.5,2.2,1.8,19.3,Minnesota Timberwolves,1610612750
4,D'Angelo Russell,24,42,26,28.5,6.7,15.5,0.431,2.9,7.4,0.387,3.8,8.1,0.471,0.523,2.7,3.5,0.765,0.4,2.3,2.6,5.8,1.1,0.4,2.7,1.6,19,Minnesota Timberwolves,1610612750
5,Ricky Rubio,30,68,51,26.1,2.8,7.3,0.388,1,3.1,0.308,1.9,4.2,0.447,0.454,1.9,2.2,0.867,0.4,2.9,3.3,6.4,1.4,0.1,1.6,2,8.6,Minnesota Timberwolves,1610612750
6,Jaden McDaniels,20,63,27,24,2.6,5.8,0.447,1.1,3.1,0.364,1.5,2.7,0.544,0.545,0.4,0.7,0.6,0.8,2.9,3.7,1.1,0.6,1,0.7,2.7,6.8,Minnesota Timberwolves,1610612750
7,Josh Okogie,22,59,37,20.3,1.7,4.3,0.402,0.5,1.8,0.269,1.2,2.5,0.5,0.459,1.4,1.8,0.769,1.1,1.6,2.6,1.1,0.9,0.5,0.7,2.1,5.4,Minnesota Timberwolves,1610612750
8,Naz Reid,21,70,15,19.2,4.3,8.3,0.523,0.9,2.5,0.351,3.5,5.8,0.597,0.576,1.6,2.4,0.693,1.2,3.4,4.6,1,0.5,1.1,1,2.6,11.2,Minnesota Timberwolves,1610612750
9,Jordan McLaughlin,24,51,2,18.4,2,4.7,0.413,0.6,1.8,0.359,1.3,2.9,0.447,0.481,0.5,0.6,0.767,0.4,1.7,2.1,3.8,1,0.1,1,0.9,5,Minnesota Timberwolves,1610612750
10,Jaylen Nowell,21,42,0,18.1,3.4,8,0.424,1.2,3.6,0.333,2.2,4.4,0.497,0.499,1.1,1.3,0.818,0.5,1.8,2.3,1.5,0.5,0.3,0.7,1.7,9,Minnesota Timberwolves,1610612750
11,Jarred Vanderbilt,21,64,30,17.8,2.2,3.7,0.606,0,0.1,0.2,2.2,3.6,0.615,0.608,0.9,1.6,0.559,1.8,3.9,5.8,1.2,1,0.7,0.8,1.9,5.4,Minnesota Timberwolves,1610612750
12,Juan Hernangómez,25,52,6,17.3,2.5,5.8,0.435,1.1,3.2,0.327,1.4,2.5,0.573,0.527,1.2,1.9,0.619,0.9,3.1,3.9,0.7,0.4,0.1,0.5,1,7.2,Minnesota Timberwolves,1610612750
1,Brandon Ingram,23,61,61,34.3,8.4,18,0.466,2.3,6.1,0.381,6.1,11.9,0.51,0.531,4.6,5.2,0.878,0.6,4.3,4.9,4.9,0.7,0.6,2.5,2,23.8,New Orleans Pelicans,1610612740
2,Zion Williamson,20,61,61,33.2,10.4,17,0.611,0.2,0.6,0.294,10.2,16.4,0.622,0.616,6,8.7,0.698,2.7,4.5,7.2,3.7,0.9,0.6,2.7,2.2,27,New Orleans Pelicans,1610612740
3,Lonzo Ball,23,55,55,31.8,5.3,12.7,0.414,3.1,8.3,0.378,2.1,4.5,0.482,0.537,0.9,1.2,0.781,0.6,4.2,4.8,5.7,1.5,0.6,2.2,1.9,14.6,New Orleans Pelicans,1610612740
4,Eric Bledsoe,31,71,70,29.7,4.3,10.3,0.421,1.7,5,0.341,2.6,5.3,0.496,0.503,1.9,2.7,0.687,0.4,3,3.4,3.8,0.8,0.3,1.6,1.6,12.2,New Orleans Pelicans,1610612740
5,Josh Hart,25,47,4,28.7,3.2,7.3,0.439,1.3,4.1,0.326,1.9,3.2,0.583,0.531,1.5,1.9,0.775,1.1,6.9,8,2.3,0.8,0.3,1,2.4,9.2,New Orleans Pelicans,1610612740
6,Steven Adams,27,58,58,27.7,3.3,5.3,0.614,0,0.1,0,3.3,5.3,0.62,0.614,1,2.3,0.444,3.7,5.2,8.9,1.9,0.9,0.7,1.3,1.9,7.6,New Orleans Pelicans,1610612740
7,James Johnson,33,22,11,24.5,3.6,8.3,0.434,0.7,2.7,0.267,2.9,5.5,0.516,0.478,1.3,2.1,0.596,0.8,3.3,4.1,2.2,0.8,0.9,1.3,2.8,9.2,New Orleans Pelicans,1610612740
8,Naji Marshall,23,32,10,21.9,2.6,6.5,0.392,0.9,2.6,0.349,1.7,3.9,0.421,0.462,1.7,2.3,0.707,0.5,4.2,4.6,2.8,0.8,0.3,1.2,1.8,7.7,New Orleans Pelicans,1610612740
9,Nickeil Alexander-Walker,22,46,13,21.9,4.2,10,0.419,1.7,4.8,0.347,2.5,5.2,0.485,0.502,1,1.4,0.727,0.3,2.8,3.1,2.2,1,0.5,1.5,1.9,11,New Orleans Pelicans,1610612740
10,Didi Louzada,21,3,0,18.7,1,4.3,0.231,0.7,2.7,0.25,0.3,1.7,0.2,0.308,0,0,,0.3,0.7,1,1,0.7,0,1,1.7,2.7,New Orleans Pelicans,1610612740
11,J.J. Redick,36,31,0,18.6,2.8,6.9,0.407,1.6,4.5,0.364,1.2,2.4,0.486,0.526,1.5,1.5,0.957,0.1,1.6,1.7,1.3,0.3,0.1,0.8,1.2,8.7,New Orleans Pelicans,1610612740
12,Willy Hernangómez,26,47,12,18,3.2,5.7,0.563,0,0.2,0.1,3.2,5.5,0.581,0.565,1.3,2,0.667,2.5,4.6,7.1,1.1,0.5,0.5,0.7,1.4,7.8,New Orleans Pelicans,1610612740
1,Julius Randle,26,71,71,37.6,8.5,18.6,0.456,2.3,5.5,0.411,6.2,13.1,0.474,0.516,4.9,6,0.811,1.2,9,10.2,6,0.9,0.3,3.4,3.2,24.1,New York Knicks,1610612752
2,RJ Barrett,20,72,72,34.9,6.5,14.7,0.441,1.7,4.3,0.401,4.8,10.4,0.457,0.499,2.9,3.8,0.746,0.9,4.8,5.8,3,0.7,0.3,1.9,2.6,17.6,New York Knicks,1610612752
3,Reggie Bullock,29,65,64,30,3.8,8.6,0.442,2.5,6.1,0.41,1.3,2.5,0.521,0.587,0.8,0.8,0.909,0.2,3.2,3.4,1.5,0.8,0.2,0.7,2.2,10.9,New York Knicks,1610612752
4,Mitchell Robinson,22,31,29,27.5,3.7,5.7,0.653,0,0,,3.7,5.7,0.653,0.653,0.8,1.7,0.491,3.6,4.5,8.1,0.5,1.1,1.5,0.8,2.8,8.3,New York Knicks,1610612752
5,Derrick Rose,32,35,3,26.8,5.9,12.2,0.487,1.1,2.6,0.411,4.9,9.6,0.507,0.53,1.9,2.2,0.883,0.4,2.5,2.9,4.2,0.9,0.4,1.4,1.1,14.9,New York Knicks,1610612752
6,Alec Burks,29,49,5,25.6,4.3,10.2,0.42,2.1,5,0.415,2.2,5.2,0.425,0.522,2.1,2.4,0.856,0.4,4.2,4.6,2.2,0.6,0.3,1,2.1,12.7,New York Knicks,1610612752
7,Nerlens Noel,26,64,41,24.2,2.1,3.5,0.614,0,0,0,2.1,3.4,0.623,0.614,0.8,1.1,0.714,2.2,4.2,6.4,0.7,1.1,2.2,1,2.8,5.1,New York Knicks,1610612752
8,Elfrid Payton,26,63,63,23.6,4.3,9.9,0.432,0.4,1.6,0.286,3.8,8.3,0.46,0.455,1.2,1.7,0.682,1,2.4,3.4,3.2,0.7,0.1,1.6,1.8,10.1,New York Knicks,1610612752
9,Austin Rivers,28,21,2,21,2.8,6.4,0.43,1.3,3.7,0.364,1.4,2.8,0.517,0.533,0.5,0.7,0.714,0.2,2,2.2,2,0.6,0,1,1.5,7.3,New York Knicks,1610612752
10,Taj Gibson,35,45,3,20.8,2.2,3.5,0.627,0.1,0.3,0.2,2.1,3.2,0.671,0.636,0.9,1.2,0.727,2.2,3.4,5.6,0.8,0.7,1.1,0.5,2.2,5.4,New York Knicks,1610612752
11,Immanuel Quickley,21,64,3,19.4,3.6,9.1,0.395,1.8,4.7,0.389,1.7,4.3,0.401,0.497,2.4,2.7,0.891,0.4,1.8,2.1,2,0.5,0.2,0.9,1.8,11.4,New York Knicks,1610612752
12,Obi Toppin,22,62,0,11,1.7,3.4,0.498,0.4,1.4,0.306,1.3,2,0.629,0.56,0.3,0.4,0.731,0.4,1.8,2.2,0.5,0.3,0.2,0.4,0.9,4.1,New York Knicks,1610612752
1,Shai Gilgeous-Alexander,22,35,35,33.7,8.2,16.1,0.508,2,4.9,0.418,6.2,11.3,0.547,0.571,5.3,6.5,0.808,0.5,4.2,4.7,5.9,0.8,0.7,3,2,23.7,Oklahoma City Thunder,1610612760
2,Darius Bazley,20,55,55,31.2,5,12.5,0.396,1.5,5.2,0.29,3.5,7.3,0.47,0.456,2.3,3.2,0.702,0.9,6.3,7.2,1.8,0.5,0.5,2.2,1.1,13.7,Oklahoma City Thunder,1610612760
3,Luguentz Dort,21,52,52,29.7,4.8,12.3,0.387,2.2,6.3,0.343,2.6,6,0.432,0.475,2.3,3.2,0.744,0.7,2.9,3.6,1.7,0.9,0.4,1.5,2.6,14,Oklahoma City Thunder,1610612760
4,Al Horford,34,28,28,27.9,5.8,12.9,0.45,2,5.4,0.368,3.8,7.4,0.51,0.528,0.6,0.8,0.818,1,5.7,6.7,3.4,0.9,0.9,1,1.7,14.2,Oklahoma City Thunder,1610612760
5,Théo Maledon,19,65,49,27.4,3.5,9.4,0.368,1.6,4.8,0.335,1.9,4.6,0.402,0.454,1.6,2.1,0.748,0.4,2.9,3.2,3.5,0.9,0.2,2.2,1.9,10.1,Oklahoma City Thunder,1610612760
6,George Hill,34,14,14,26.4,4.4,8.6,0.508,1.6,4.1,0.386,2.8,4.5,0.619,0.6,1.5,1.8,0.84,0.6,1.5,2.1,3.1,0.9,0.1,0.9,0.9,11.8,Oklahoma City Thunder,1610612760
7,Aleksej Pokusevski,19,45,28,24.2,3.1,9.1,0.341,1.3,4.6,0.28,1.8,4.5,0.403,0.412,0.7,0.9,0.738,0.7,4,4.7,2.2,0.4,0.9,2.2,1.3,8.2,Oklahoma City Thunder,1610612760
8,Ty Jerome,23,33,1,23.9,3.9,8.7,0.446,2.2,5.1,0.423,1.7,3.6,0.479,0.57,0.8,1,0.765,0.3,2.5,2.8,3.6,0.6,0.2,1.4,1.8,10.7,Oklahoma City Thunder,1610612760
9,Hamidou Diallo,22,32,5,23.8,4.5,9.3,0.481,0.4,1.3,0.293,4.1,8,0.512,0.502,2.6,4.1,0.629,1.2,4,5.2,2.4,1,0.4,1.5,2.6,11.9,Oklahoma City Thunder,1610612760
10,Isaiah Roby,22,61,34,23.4,3.4,7,0.483,0.5,1.8,0.294,2.9,5.2,0.547,0.52,1.4,1.9,0.744,1.5,4.1,5.6,1.8,0.9,0.6,1.9,2.7,8.7,Oklahoma City Thunder,1610612760
11,Sviatoslav Mykhailiuk,23,30,9,23,4.1,9.4,0.438,1.6,4.8,0.336,2.5,4.7,0.543,0.523,0.5,0.7,0.7,0.4,2.5,3,1.8,0.8,0.2,1.6,1,10.3,Oklahoma City Thunder,1610612760
12,Kenrich Williams,26,66,13,21.6,3.3,6.2,0.533,0.8,1.8,0.444,2.5,4.5,0.568,0.596,0.5,1,0.571,1.3,2.9,4.1,2.3,0.8,0.3,1.2,2.2,8,Oklahoma City Thunder,1610612760
1,Nikola Vučević,30,44,44,34.1,9.9,20.6,0.48,2.7,6.5,0.406,7.3,14.1,0.515,0.545,2.1,2.5,0.827,2,9.8,11.8,3.8,1,0.6,1.9,1.8,24.5,Orlando Magic,1610612753
2,Evan Fournier,28,26,26,30.3,6.5,14.2,0.461,2.8,7.2,0.388,3.7,7,0.536,0.56,3.8,4.7,0.797,0.2,2.7,2.9,3.7,1,0.3,2.1,2.1,19.7,Orlando Magic,1610612753
3,Aaron Gordon,25,25,25,29.4,5.1,11.7,0.437,1.7,4.5,0.375,3.4,7.2,0.475,0.509,2.6,4.2,0.629,1.6,5.1,6.6,4.2,0.6,0.8,2.7,2,14.6,Orlando Magic,1610612753
4,Terrence Ross,29,46,2,29.3,5.5,13.4,0.412,1.9,5.7,0.337,3.6,7.7,0.469,0.485,2.6,3,0.87,0.3,3.1,3.4,2.3,1,0.5,1.6,1.9,15.6,Orlando Magic,1610612753
5,Ignas Brazdeikis,22,8,0,29.3,4.4,9.9,0.443,1.4,3.4,0.407,3,6.5,0.462,0.513,1,1.5,0.667,1.3,3.9,5.1,2,0.5,0.4,1.4,2.8,11.1,Orlando Magic,1610612753
6,Cole Anthony,20,47,34,27.1,4.7,11.7,0.397,1.2,3.7,0.337,3.4,8.1,0.424,0.449,2.3,2.8,0.832,0.8,3.9,4.7,4.1,0.6,0.4,2.3,2.1,12.9,Orlando Magic,1610612753
7,Markelle Fultz,22,8,8,26.9,5.1,13,0.394,0.5,2,0.25,4.6,11,0.42,0.413,2.1,2.4,0.895,0.6,2.5,3.1,5.4,1,0.3,2.3,2.3,12.9,Orlando Magic,1610612753
8,Wendell Carter Jr.,21,22,19,26.5,4.6,9.3,0.493,0.3,1.3,0.241,4.3,8,0.534,0.51,2.2,3.1,0.721,2.8,6,8.8,1.6,0.8,0.8,1.3,2.3,11.7,Orlando Magic,1610612753
9,Moritz Wagner,23,11,10,26,3.5,8.5,0.409,1.5,3.9,0.372,2,4.5,0.44,0.495,2.6,3,0.879,1,3.9,4.9,1.1,0.4,0.8,1.2,3.3,11,Orlando Magic,1610612753
10,Michael Carter-Williams,29,31,25,25.8,3.4,8.7,0.389,0.5,2,0.246,2.9,6.7,0.431,0.417,1.6,2.6,0.613,1.3,3.2,4.5,4.2,0.8,0.5,2.2,2.6,8.8,Orlando Magic,1610612753
11,Dwayne Bacon,25,72,50,25.7,4.1,10.1,0.402,0.8,2.9,0.285,3.2,7.2,0.449,0.443,2,2.4,0.824,0.4,2.7,3.1,1.3,0.6,0.1,0.6,1.4,10.9,Orlando Magic,1610612753
12,Chuma Okeke,22,45,19,25.2,3,7.2,0.417,1.1,3.1,0.348,1.9,4.1,0.47,0.492,0.7,0.9,0.75,0.9,3.1,4,2.2,1.1,0.5,0.8,1.1,7.8,Orlando Magic,1610612753
1,Tobias Harris,28,62,62,32.5,7.6,14.9,0.512,1.3,3.4,0.394,6.3,11.5,0.546,0.556,2.9,3.3,0.892,1,5.8,6.8,3.5,0.9,0.8,1.7,1.9,19.5,Philadelphia 76ers,1610612755
2,Ben Simmons,24,58,58,32.4,5.6,10.1,0.557,0.1,0.2,0.3,5.6,9.9,0.562,0.56,3,4.9,0.613,1.6,5.6,7.2,6.9,1.6,0.6,3,2.9,14.3,Philadelphia 76ers,1610612755
3,Joel Embiid,26,51,51,31.1,9,17.6,0.513,1.1,3,0.377,7.9,14.6,0.541,0.545,9.2,10.7,0.859,2.2,8.4,10.6,2.8,1,1.4,3.1,2.4,28.5,Philadelphia 76ers,1610612755
4,Seth Curry,30,57,57,28.7,4.5,9.7,0.467,2.2,4.9,0.45,2.3,4.8,0.485,0.582,1.2,1.4,0.896,0.2,2.2,2.4,2.7,0.8,0.1,1.1,1.7,12.5,Philadelphia 76ers,1610612755
5,Danny Green,33,69,69,28,3.2,7.9,0.412,2.5,6.3,0.405,0.7,1.6,0.438,0.573,0.4,0.6,0.775,0.8,3,3.8,1.7,1.3,0.8,1,1.8,9.5,Philadelphia 76ers,1610612755
6,Shake Milton,24,63,4,23.2,4.8,10.6,0.45,1.1,3.2,0.35,3.6,7.4,0.494,0.503,2.3,2.8,0.83,0.5,1.8,2.3,3.1,0.6,0.3,1.6,2.1,13,Philadelphia 76ers,1610612755
7,Matisse Thybulle,23,65,8,20,1.6,3.7,0.42,0.7,2.2,0.301,0.9,1.5,0.59,0.508,0.1,0.3,0.444,0.5,1.4,1.9,1,1.6,1.1,0.5,2,3.9,Philadelphia 76ers,1610612755
8,Furkan Korkmaz,23,55,11,19.3,3.1,7.7,0.401,1.8,4.9,0.375,1.3,2.8,0.445,0.52,1.1,1.5,0.732,0.3,1.7,2.1,1.5,0.9,0.2,0.8,1.2,9.1,Philadelphia 76ers,1610612755
9,George Hill,34,16,3,18.9,2.1,4.8,0.442,0.6,1.4,0.391,1.6,3.4,0.463,0.5,1.2,1.6,0.76,0.5,1.5,2,1.9,0.7,0.2,1.2,1.2,6,Philadelphia 76ers,1610612755
10,Dwight Howard,35,69,6,17.3,2.6,4.4,0.587,0.1,0.3,0.25,2.5,4.1,0.611,0.596,1.8,3,0.576,2.8,5.7,8.4,0.9,0.4,0.9,1.6,2.9,7,Philadelphia 76ers,1610612755
11,Mike Scott,32,51,12,16.7,1.5,4.1,0.36,1,3,0.342,0.5,1.1,0.411,0.486,0.2,0.2,0.667,0.2,2.1,2.4,0.8,0.5,0.3,0.4,1.4,4.2,Philadelphia 76ers,1610612755
12,Dakota Mathias,25,8,2,15.4,2.4,6,0.396,1,3.3,0.308,1.4,2.8,0.5,0.479,0.3,0.8,0.333,0.1,0.8,0.9,1.6,0.1,0.4,0.1,0.9,6,Philadelphia 76ers,1610612755
1,Devin Booker,24,67,67,33.9,9.3,19.2,0.484,1.9,5.5,0.34,7.4,13.7,0.543,0.533,5.1,5.9,0.867,0.5,3.7,4.2,4.3,0.8,0.2,3.1,2.7,25.6,Pheonix Suns,#N/A
2,Mikal Bridges,24,72,72,32.6,5,9.3,0.543,1.9,4.4,0.425,3.2,4.9,0.647,0.643,1.5,1.8,0.84,1.1,3.2,4.3,2.1,1.1,0.9,0.8,1.6,13.5,Pheonix Suns,#N/A
3,Chris Paul,35,70,70,31.4,6.3,12.6,0.499,1.5,3.7,0.395,4.8,8.9,0.543,0.557,2.4,2.6,0.934,0.4,4.1,4.5,8.9,1.4,0.3,2.2,2.4,16.4,Pheonix Suns,#N/A
4,Deandre Ayton,22,69,69,30.7,6.2,10,0.626,0.1,0.3,0.2,6.2,9.7,0.639,0.629,1.9,2.5,0.769,3.3,7.2,10.5,1.4,0.6,1.2,1.5,2.8,14.4,Pheonix Suns,#N/A
5,Jae Crowder,30,60,42,27.5,3.3,8.2,0.404,2.5,6.3,0.389,0.9,1.9,0.455,0.555,1,1.3,0.76,0.5,4.2,4.7,2.1,0.8,0.5,0.9,2.1,10.1,Pheonix Suns,#N/A
6,Cameron Johnson,24,60,11,24,3.4,8.1,0.42,2,5.6,0.349,1.4,2.5,0.581,0.541,0.8,1,0.847,0.6,2.8,3.3,1.4,0.6,0.3,0.7,1.4,9.6,Pheonix Suns,#N/A
7,Torrey Craig,30,32,8,18.8,2.8,5.7,0.503,1,2.6,0.369,1.9,3,0.619,0.588,0.5,0.6,0.8,1.4,3.4,4.8,1,0.6,0.6,0.6,1.8,7.2,Pheonix Suns,#N/A
8,Cameron Payne,26,60,1,18,3.2,6.6,0.484,1.2,2.8,0.44,2,3.8,0.515,0.576,0.8,0.9,0.893,0.3,2.1,2.4,3.6,0.6,0.3,1,1.6,8.4,Pheonix Suns,#N/A
9,Dario Šarić,26,50,4,17.4,3.1,6.8,0.447,0.9,2.7,0.348,2.1,4.1,0.512,0.516,1.7,2,0.848,0.9,2.9,3.8,1.3,0.6,0.1,1.1,1.9,8.7,Pheonix Suns,#N/A
10,Frank Kaminsky,27,47,13,15.2,2.6,5.5,0.471,0.7,1.8,0.365,1.9,3.7,0.523,0.531,0.8,1.3,0.617,0.8,3.2,4,1.7,0.3,0.4,0.5,1.5,6.6,Pheonix Suns,#N/A
11,Abdel Nader,27,24,0,14.8,2.4,4.8,0.491,0.8,1.8,0.419,1.6,3,0.534,0.569,1.2,1.5,0.757,0.3,2.3,2.6,0.8,0.4,0.4,0.8,1.4,6.7,Pheonix Suns,#N/A
12,E'Twaun Moore,31,27,1,14.4,2,4.5,0.455,0.4,1.3,0.314,1.6,3.2,0.512,0.5,0.4,0.5,0.857,0.5,1.1,1.7,1.5,0.6,0.2,0.9,1.2,4.9,Pheonix Suns,#N/A
1,Damian Lillard,30,67,67,35.8,9,19.9,0.451,4.1,10.5,0.391,4.9,9.4,0.519,0.554,6.7,7.2,0.928,0.5,3.7,4.2,7.5,0.9,0.3,3,1.5,28.8,Portland Trail Blazers,1610612757
2,Norman Powell,27,27,27,34.4,5.8,13,0.443,2,5.4,0.361,3.8,7.6,0.502,0.518,3.5,4,0.88,0.9,2.4,3.3,1.9,1.3,0.4,1.6,2.3,17,Portland Trail Blazers,1610612757
3,CJ McCollum,29,47,47,34,8.6,18.8,0.458,3.6,8.9,0.402,5,9.9,0.509,0.554,2.3,2.8,0.812,0.6,3.3,3.9,4.7,0.9,0.4,1.4,1.9,23.1,Portland Trail Blazers,1610612757
4,Robert Covington,30,70,70,32,2.9,7.3,0.401,1.9,5.1,0.379,1,2.2,0.451,0.533,0.7,0.9,0.806,0.9,5.8,6.7,1.7,1.4,1.2,0.9,2.8,8.5,Portland Trail Blazers,1610612757
5,Gary Trent Jr.,22,41,23,30.8,5.3,12.8,0.414,3,7.4,0.397,2.3,5.3,0.438,0.53,1.4,1.8,0.773,0.5,1.7,2.2,1.4,0.9,0.1,0.8,1.5,15,Portland Trail Blazers,1610612757
6,Carmelo Anthony,36,69,3,24.5,4.7,11.3,0.421,1.9,4.7,0.409,2.8,6.6,0.429,0.506,2,2.2,0.89,0.5,2.6,3.1,1.5,0.7,0.6,0.9,2.1,13.4,Portland Trail Blazers,1610612757
7,Enes Kanter,28,72,35,24.4,4.7,7.8,0.604,0,0.1,0.25,4.7,7.7,0.607,0.605,1.8,2.3,0.774,3.9,7.1,11,1.2,0.5,0.7,1.1,2.3,11.2,Portland Trail Blazers,1610612757
8,Jusuf Nurkić,26,37,37,23.8,4.6,9,0.514,0.3,0.8,0.4,4.3,8.2,0.525,0.532,1.9,3.1,0.619,2.3,6.6,9,3.4,1,1.1,2,2.8,11.5,Portland Trail Blazers,1610612757
9,Derrick Jones Jr.,23,58,43,22.7,2.5,5.2,0.484,0.7,2.3,0.316,1.8,2.9,0.619,0.554,1,1.6,0.648,1.3,2.2,3.5,0.8,0.6,0.9,0.6,2.2,6.8,Portland Trail Blazers,1610612757
10,Rodney Hood,28,38,5,19.1,1.9,5.3,0.363,0.7,2.2,0.298,1.3,3.1,0.41,0.425,0.2,0.3,0.75,0.5,1.4,1.9,1.2,0.5,0.1,0.8,1.6,4.7,Portland Trail Blazers,1610612757
11,Anfernee Simons,21,64,0,17.3,2.6,6.3,0.419,1.9,4.4,0.426,0.8,1.9,0.403,0.569,0.7,0.9,0.807,0.2,2,2.2,1.4,0.3,0.1,0.7,1.5,7.8,Portland Trail Blazers,1610612757
12,Nassir Little,20,48,2,13.3,1.6,3.5,0.467,0.6,1.7,0.35,1,1.8,0.575,0.551,0.8,0.9,0.8,0.7,2,2.7,0.5,0.1,0.3,0.4,1.1,4.6,Portland Trail Blazers,1610612757
1,Harrison Barnes,28,58,58,36.2,5.5,11.1,0.497,1.7,4.4,0.391,3.8,6.7,0.567,0.575,3.4,4.1,0.83,1.1,5.5,6.6,3.5,0.7,0.2,1.6,1.3,16.1,Sacramento Kings,1610612758
2,De'Aaron Fox,23,58,58,35.1,9.1,19.1,0.477,1.8,5.5,0.322,7.3,13.6,0.539,0.523,5.2,7.2,0.719,0.6,2.9,3.5,7.2,1.5,0.5,3,2.9,25.2,Sacramento Kings,1610612758
3,Buddy Hield,28,71,71,34.3,5.7,14,0.406,4,10.2,0.391,1.7,3.8,0.446,0.548,1.2,1.5,0.846,0.4,4.3,4.7,3.6,0.9,0.4,1.8,2.5,16.6,Sacramento Kings,1610612758
4,Tyrese Haliburton,20,58,20,30.1,5,10.7,0.472,2.1,5.1,0.409,2.9,5.6,0.529,0.569,0.8,1,0.857,0.7,2.3,3,5.3,1.3,0.5,1.6,1.4,13,Sacramento Kings,1610612758
5,Richaun Holmes,27,61,61,29.2,6,9.4,0.637,0,0.2,0.182,6,9.2,0.645,0.638,2.2,2.8,0.794,2.4,5.9,8.3,1.7,0.6,1.6,1.2,3.5,14.2,Sacramento Kings,1610612758
6,Marvin Bagley III,21,43,42,25.9,5.7,11.4,0.504,0.9,2.5,0.343,4.9,8.9,0.55,0.542,1.8,3.1,0.575,2.5,4.9,7.4,1,0.5,0.5,1.4,2.3,14.1,Sacramento Kings,1610612758
7,Delon Wright,28,27,8,25.8,3.9,8.3,0.462,1.2,3.1,0.398,2.6,5.3,0.5,0.536,1.1,1.3,0.833,1,2.9,3.9,3.6,1.6,0.4,1.3,1.1,10,Sacramento Kings,1610612758
8,Maurice Harkless,27,26,20,24.9,2.5,5.8,0.421,0.7,2.8,0.247,1.8,3,0.582,0.48,1.3,1.6,0.805,0.4,2.5,2.9,1.4,1.1,0.6,0.7,2.8,6.9,Sacramento Kings,1610612758
9,Terence Davis,23,27,0,21.5,4,9.1,0.439,2,5.4,0.372,2,3.7,0.535,0.549,1.1,1.4,0.784,0.4,2.9,3.3,1.7,1,0.3,1.3,1.8,11.1,Sacramento Kings,1610612758
10,Cory Joseph,29,44,2,21.5,2.5,5.7,0.444,0.7,2.1,0.33,1.8,3.5,0.513,0.506,0.8,1.1,0.766,0.6,1.7,2.3,2.5,0.9,0.2,1,2.2,6.6,Sacramento Kings,1610612758
11,Damian Jones,25,17,4,20.1,2.7,4.1,0.657,0.1,0.2,0.25,2.6,3.9,0.682,0.664,1.5,2.1,0.714,1.2,3.3,4.5,1.4,0.5,1,0.9,2.1,6.9,Sacramento Kings,1610612758
12,Nemanja Bjelica,32,26,1,16.9,2.7,5.8,0.46,0.7,2.2,0.293,2,3.5,0.565,0.517,1.2,1.6,0.762,0.9,2.9,3.8,1.9,0.3,0.1,1.1,1.8,7.2,Sacramento Kings,1610612758
1,DeMar DeRozan,31,61,61,33.7,7.5,15.1,0.495,0.3,1.2,0.257,7.1,13.9,0.515,0.505,6.3,7.2,0.88,0.7,3.6,4.2,6.9,0.9,0.2,2,2.1,21.6,San Antonio Spurs,1610612759
2,Dejounte Murray,24,67,67,31.9,6.6,14.5,0.453,0.9,3,0.317,5.6,11.6,0.488,0.485,1.6,2,0.791,0.9,6.2,7.1,5.4,1.5,0.1,1.7,2,15.7,San Antonio Spurs,1610612759
3,Derrick White,26,36,32,29.6,5.2,12.6,0.411,2.3,6.8,0.346,2.8,5.8,0.486,0.503,2.7,3.2,0.851,0.4,2.6,3,3.5,0.7,1,1.3,2.5,15.4,San Antonio Spurs,1610612759
4,Keldon Johnson,21,69,67,28.5,4.9,10.2,0.479,0.9,2.6,0.331,4,7.6,0.531,0.522,2.1,2.8,0.74,1.3,4.6,6,1.8,0.6,0.3,1.1,2.1,12.8,San Antonio Spurs,1610612759
5,Jakob Poeltl,25,69,51,26.7,3.8,6.2,0.616,0,0,,3.8,6.2,0.616,0.616,0.9,1.8,0.508,3.2,4.8,7.9,1.9,0.7,1.8,1.2,2.5,8.6,San Antonio Spurs,1610612759
6,LaMarcus Aldridge,35,21,18,25.9,5.5,11.8,0.464,1.3,3.6,0.36,4.2,8.2,0.509,0.518,1.5,1.8,0.838,0.8,3.7,4.5,1.7,0.4,0.9,1,1.7,13.7,San Antonio Spurs,1610612759
7,Lonnie Walker,22,60,38,25.4,4.3,10.2,0.42,1.7,4.7,0.355,2.6,5.5,0.477,0.502,1,1.2,0.814,0.2,2.4,2.6,1.7,0.5,0.3,1.1,1.7,11.2,San Antonio Spurs,1610612759
8,Patty Mills,32,68,1,24.8,3.7,9,0.412,2.4,6.3,0.375,1.3,2.7,0.5,0.544,1,1.1,0.91,0.3,1.4,1.7,2.4,0.6,0,1,1.2,10.8,San Antonio Spurs,1610612759
9,Rudy Gay,34,63,1,21.6,4.2,10,0.42,1.7,4.4,0.381,2.5,5.6,0.451,0.505,1.3,1.6,0.804,0.7,4.1,4.8,1.4,0.7,0.6,1,1.8,11.4,San Antonio Spurs,1610612759
10,Devin Vassell,20,62,7,17,2,4.9,0.406,0.8,2.4,0.347,1.1,2.5,0.464,0.492,0.7,0.8,0.843,0.4,2.4,2.8,0.9,0.7,0.3,0.4,1.4,5.5,San Antonio Spurs,1610612759
11,Trey Lyles,25,23,9,15.6,1.9,3.9,0.478,0.6,1.7,0.35,1.3,2.2,0.58,0.556,0.7,1,0.652,0.4,3.3,3.7,0.6,0.3,0,0.3,0.6,5,San Antonio Spurs,1610612759
12,Drew Eubanks,23,54,3,14,2.1,3.8,0.566,0,0,1,2.1,3.8,0.562,0.571,1.4,2,0.726,1.4,3.1,4.5,0.8,0.3,0.9,0.8,1.6,5.8,San Antonio Spurs,1610612759
1,Fred VanVleet,26,52,52,36.5,6.5,16.7,0.389,3.3,9.2,0.366,3.2,7.6,0.416,0.489,3.3,3.7,0.885,0.6,3.6,4.2,6.3,1.7,0.7,1.8,2.3,19.6,Toronto Raptors,1610612761
2,Pascal Siakam,26,56,56,35.8,7.8,17.2,0.455,1.3,4.4,0.297,6.5,12.8,0.509,0.493,4.4,5.4,0.827,1.7,5.5,7.2,4.5,1.1,0.7,2.3,3.1,21.4,Toronto Raptors,1610612761
3,Kyle Lowry,34,46,46,34.8,5.7,13,0.436,2.8,7.2,0.396,2.8,5.8,0.487,0.546,3,3.5,0.875,0.8,4.6,5.4,7.3,1,0.3,2.7,3.1,17.2,Toronto Raptors,1610612761
4,OG Anunoby,23,43,43,33.3,5.8,12.1,0.48,2.4,6.1,0.398,3.4,6,0.562,0.58,1.9,2.4,0.784,1.3,4.3,5.5,2.2,1.5,0.7,1.7,2.7,15.9,Toronto Raptors,1610612761
5,Gary Trent Jr.,22,17,15,31.8,6.1,15.4,0.395,2.6,7.3,0.355,3.5,8.1,0.431,0.479,1.5,1.8,0.806,0.4,3.2,3.6,1.3,1.1,0.2,0.7,1.7,16.2,Toronto Raptors,1610612761
6,Khem Birch,28,19,17,30.4,5,9,0.556,0.5,1.6,0.29,4.5,7.4,0.614,0.582,1.5,2.3,0.636,3,4.6,7.6,1.9,0.8,1.2,1.1,2.4,11.9,Toronto Raptors,1610612761
7,Norman Powell,27,42,31,30.4,6.7,13.5,0.498,2.8,6.4,0.439,3.9,7.1,0.552,0.602,3.4,3.9,0.865,0.5,2.5,3,1.8,1.1,0.2,1.8,2.3,19.6,Toronto Raptors,1610612761
8,Chris Boucher,28,60,14,24.2,4.8,9.3,0.514,1.5,3.9,0.383,3.3,5.4,0.609,0.595,2.5,3.2,0.788,2,4.8,6.7,1.1,0.6,1.9,0.8,2.8,13.6,Toronto Raptors,1610612761
9,Malachi Flynn,22,47,14,19.7,2.7,7.2,0.374,1.1,3.6,0.321,1.6,3.7,0.424,0.453,1,1.2,0.804,0.2,2.3,2.5,2.9,0.8,0.1,0.9,1.4,7.5,Toronto Raptors,1610612761
10,Freddie Gillespie,23,20,2,19.6,2.2,4.2,0.524,0,0,,2.2,4.2,0.524,0.524,1.2,1.7,0.697,2.1,2.8,4.9,0.5,0.7,1,0.6,2.2,5.6,Toronto Raptors,1610612761
11,DeAndre' Bembry,26,51,12,19.1,2.3,4.5,0.513,0.3,1,0.264,2,3.4,0.589,0.544,0.9,1.3,0.682,0.6,2.2,2.9,2.1,1,0.4,1.4,1.7,5.7,Toronto Raptors,1610612761
12,Henry Ellenson,24,2,0,19,2.5,7,0.357,1,4.5,0.222,1.5,2.5,0.6,0.429,1.5,2,0.75,1.5,4.5,6,2.5,0,0,0,3.5,7.5,Toronto Raptors,1610612761
1,Donovan Mitchell,24,53,53,33.4,9,20.6,0.438,3.4,8.7,0.386,5.7,11.9,0.476,0.52,5,6,0.845,0.9,3.5,4.4,5.2,1,0.3,2.8,2.2,26.4,Utah Jazz,1610612762
2,Royce O'Neale,27,71,71,31.6,2.5,5.5,0.444,1.5,3.9,0.385,1,1.6,0.586,0.58,0.5,0.6,0.848,1.2,5.6,6.8,2.5,0.8,0.5,1.2,2.6,7,Utah Jazz,1610612762
3,Bojan Bogdanović,31,72,72,30.8,5.6,12.8,0.439,2.5,6.4,0.39,3.1,6.4,0.487,0.536,3.2,3.7,0.879,0.6,3.3,3.9,1.9,0.6,0.1,1.8,1.6,17,Utah Jazz,1610612762
4,Rudy Gobert,28,71,71,30.8,5.5,8.2,0.675,0,0.1,0,5.5,8.1,0.68,0.675,3.3,5.3,0.623,3.4,10.1,13.5,1.3,0.6,2.7,1.7,2.3,14.3,Utah Jazz,1610612762
5,Mike Conley,33,51,51,29.4,5.6,12.5,0.444,2.7,6.6,0.412,2.9,6,0.479,0.552,2.4,2.8,0.852,0.7,2.8,3.5,6,1.4,0.2,1.9,1.9,16.2,Utah Jazz,1610612762
6,Joe Ingles,33,67,30,27.9,4.1,8.4,0.489,2.7,6.1,0.451,1.4,2.3,0.59,0.652,1.1,1.3,0.844,0.4,3.2,3.6,4.7,0.7,0.2,1.7,1.8,12.1,Utah Jazz,1610612762
7,Jordan Clarkson,28,68,1,26.7,6.7,15.8,0.425,3.1,8.8,0.347,3.7,7,0.523,0.522,1.9,2.1,0.896,0.7,3.3,4,2.5,0.9,0.1,1.7,1.6,18.4,Utah Jazz,1610612762
8,Georges Niang,27,72,10,16,2.5,5.6,0.437,1.7,4.1,0.425,0.7,1.6,0.469,0.59,0.3,0.3,0.957,0.4,2.1,2.4,0.8,0.3,0.1,0.7,1.6,6.9,Utah Jazz,1610612762
9,Derrick Favors,29,68,0,15.3,2.3,3.6,0.638,0,0,0,2.3,3.5,0.643,0.638,0.9,1.2,0.738,2,3.5,5.5,0.6,0.5,1,0.5,2.1,5.4,Utah Jazz,1610612762
10,Trent Forrest,22,30,0,10.1,1.1,2.4,0.451,0.2,0.9,0.192,0.9,1.5,0.6,0.486,0.6,0.6,1,0.4,1.1,1.5,1.5,0.3,0.1,0.7,0.7,2.9,Utah Jazz,1610612762
11,Miye Oni,23,54,0,9.6,0.6,1.8,0.354,0.6,1.6,0.341,0.1,0.2,0.455,0.505,0.1,0.1,0.833,0.4,1.1,1.6,0.5,0.2,0.1,0.3,1.1,1.9,Utah Jazz,1610612762
12,Ersan İlyasova,33,17,1,8.7,1.2,3.2,0.389,1.1,2.4,0.439,0.2,0.8,0.231,0.556,0.3,0.3,1,0.4,1.3,1.7,0.2,0.6,0.2,0.5,1.7,3.8,Utah Jazz,1610612762
1,Russell Westbrook,32,65,65,36.4,8.4,19,0.439,1.3,4.2,0.315,7,14.8,0.475,0.474,4.2,6.4,0.656,1.7,9.9,11.5,11.7,1.4,0.4,4.8,2.9,22.2,Washington Wizards,1610612764
2,Bradley Beal,27,60,60,35.8,11.2,23,0.485,2.2,6.2,0.349,9,16.8,0.535,0.532,6.8,7.7,0.889,1.2,3.5,4.7,4.4,1.2,0.4,3.1,2.3,31.3,Washington Wizards,1610612764
3,Rui Hachimura,22,57,57,31.5,5.4,11.4,0.478,0.8,2.4,0.328,4.6,9,0.519,0.513,2.2,2.8,0.77,0.9,4.6,5.5,1.4,0.8,0.1,1.2,2.1,13.8,Washington Wizards,1610612764
4,Thomas Bryant,23,10,10,27.1,5.9,9.1,0.648,0.9,2.1,0.429,5,7,0.714,0.698,1.6,2.4,0.667,1.8,4.3,6.1,1.5,0.4,0.8,1.1,3.1,14.3,Washington Wizards,1610612764
5,Dāvis Bertāns,28,57,7,25.7,3.4,8.4,0.404,3,7.5,0.395,0.4,0.9,0.48,0.581,1.8,2,0.87,0.3,2.6,2.9,0.9,0.6,0.2,0.6,2.4,11.5,Washington Wizards,1610612764
6,Deni Avdija,20,54,32,23.3,2.4,5.8,0.417,1,3.1,0.315,1.4,2.7,0.535,0.502,0.5,0.8,0.644,0.4,4.4,4.9,1.2,0.6,0.3,0.6,2.6,6.3,Washington Wizards,1610612764
7,Raul Neto,28,64,22,21.9,3.3,7,0.468,1,2.6,0.39,2.3,4.4,0.512,0.539,1.2,1.3,0.882,0.4,2,2.4,2.3,1.1,0.1,0.8,1.7,8.7,Washington Wizards,1610612764
8,Ish Smith,32,44,1,21,2.9,6.8,0.434,0.4,1.1,0.367,2.5,5.6,0.448,0.465,0.4,0.8,0.576,0.5,2.9,3.4,3.9,0.7,0.3,0.9,1.4,6.7,Washington Wizards,1610612764
9,Robin Lopez,32,71,9,19.1,3.8,6,0.633,0.1,0.3,0.278,3.7,5.7,0.649,0.639,1.4,1.9,0.723,2,1.8,3.8,0.8,0.2,0.6,1.1,1.5,9,Washington Wizards,1610612764
10,Jerome Robinson,23,17,6,17.9,1.6,5.6,0.295,0.6,2.5,0.262,1,3.1,0.321,0.353,0.9,1.2,0.8,0.2,2,2.2,1.5,0.7,0.4,1.1,1.8,4.9,Washington Wizards,1610612764
11,Daniel Gafford,22,23,0,17.7,4.1,6,0.681,0,0,,4.1,6,0.681,0.681,2,2.9,0.672,2.2,3.4,5.6,0.5,0.7,1.8,0.8,1.9,10.1,Washington Wizards,1610612764
12,Garrison Mathews,24,64,24,16.2,1.5,3.7,0.409,1.2,3.1,0.384,0.3,0.6,0.538,0.57,1.3,1.5,0.884,0.3,1.1,1.4,0.4,0.5,0.1,0.2,1.7,5.5,Washington Wizards,1610612764
